table_name,columns,constraints,indexes,rls_policies
accounts,"[{""type"":""uuid"",""column"":""id"",""default"":""gen_random_uuid()"",""nullable"":""NO""},{""type"":""character varying"",""column"":""name"",""default"":null,""nullable"":""NO""},{""type"":""character varying"",""column"":""slug"",""default"":null,""nullable"":""NO""},{""type"":""character varying"",""column"":""status"",""default"":""'active'::character varying"",""nullable"":""YES""},{""type"":""character varying"",""column"":""plan"",""default"":""'starter'::character varying"",""nullable"":""YES""},{""type"":""boolean"",""column"":""test_mode"",""default"":""false"",""nullable"":""YES""},{""type"":""character varying"",""column"":""stripe_customer_id"",""default"":null,""nullable"":""YES""},{""type"":""character varying"",""column"":""stripe_subscription_id"",""default"":null,""nullable"":""YES""},{""type"":""jsonb"",""column"":""settings"",""default"":""'{}'::jsonb"",""nullable"":""YES""},{""type"":""boolean"",""column"":""onboarding_completed"",""default"":""false"",""nullable"":""YES""},{""type"":""integer"",""column"":""onboarding_step"",""default"":""0"",""nullable"":""YES""},{""type"":""timestamp without time zone"",""column"":""created_at"",""default"":""now()"",""nullable"":""YES""},{""type"":""timestamp without time zone"",""column"":""updated_at"",""default"":""now()"",""nullable"":""YES""},{""type"":""jsonb"",""column"":""onboarding_data"",""default"":""'{}'::jsonb"",""nullable"":""YES""},{""type"":""timestamp with time zone"",""column"":""onboarding_completed_at"",""default"":null,""nullable"":""YES""},{""type"":""character varying"",""column"":""company_size"",""default"":null,""nullable"":""YES""},{""type"":""character varying"",""column"":""industry"",""default"":null,""nullable"":""YES""},{""type"":""character varying"",""column"":""timezone"",""default"":""'America/New_York'::character varying"",""nullable"":""YES""},{""type"":""character varying"",""column"":""website"",""default"":null,""nullable"":""YES""},{""type"":""text"",""column"":""bcc_email_address"",""default"":null,""nullable"":""YES""},{""type"":""boolean"",""column"":""onboarding_skipped"",""default"":""false"",""nullable"":""NO""},{""type"":""character varying"",""column"":""phone"",""default"":null,""nullable"":""YES""},{""type"":""text"",""column"":""address"",""default"":null,""nullable"":""YES""},{""type"":""text"",""column"":""platform_type"",""default"":""'CRM'::text"",""nullable"":""YES""},{""type"":""boolean"",""column"":""is_pool_account"",""default"":""false"",""nullable"":""YES""},{""type"":""text"",""column"":""crm_stripe_customer_id"",""default"":null,""nullable"":""YES""},{""type"":""text"",""column"":""crm_plan_tier"",""default"":""'free'::text"",""nullable"":""YES""},{""type"":""boolean"",""column"":""crm_billing_enabled"",""default"":""false"",""nullable"":""YES""}]","[{""type"":""UNIQUE"",""constraint"":""accounts_bcc_email_address_key""},{""type"":""PRIMARY KEY"",""constraint"":""accounts_pkey""},{""type"":""CHECK"",""constraint"":""accounts_platform_type_check""},{""type"":""UNIQUE"",""constraint"":""accounts_slug_key""},{""type"":""CHECK"",""constraint"":""2200_17485_1_not_null""},{""type"":""CHECK"",""constraint"":""2200_17485_2_not_null""},{""type"":""CHECK"",""constraint"":""2200_17485_3_not_null""},{""type"":""CHECK"",""constraint"":""2200_17485_21_not_null""}]","[{""def"":""CREATE UNIQUE INDEX accounts_bcc_email_address_key ON public.accounts USING btree (bcc_email_address)"",""index"":""accounts_bcc_email_address_key""},{""def"":""CREATE UNIQUE INDEX accounts_pkey ON public.accounts USING btree (id)"",""index"":""accounts_pkey""},{""def"":""CREATE UNIQUE INDEX accounts_slug_key ON public.accounts USING btree (slug)"",""index"":""accounts_slug_key""},{""def"":""CREATE INDEX idx_accounts_onboarding ON public.accounts USING btree (onboarding_completed, onboarding_step)"",""index"":""idx_accounts_onboarding""},{""def"":""CREATE INDEX idx_accounts_onboarding_completed ON public.accounts USING btree (onboarding_completed)"",""index"":""idx_accounts_onboarding_completed""},{""def"":""CREATE INDEX idx_accounts_slug ON public.accounts USING btree (slug)"",""index"":""idx_accounts_slug""},{""def"":""CREATE INDEX idx_accounts_status ON public.accounts USING btree (status)"",""index"":""idx_accounts_status""}]","[{""cmd"":""SELECT"",""roles"":[""authenticated""],""policy"":""accounts_select_policy""},{""cmd"":""UPDATE"",""roles"":[""authenticated""],""policy"":""accounts_update_policy""}]"
activities,"[{""type"":""uuid"",""column"":""id"",""default"":""gen_random_uuid()"",""nullable"":""NO""},{""type"":""uuid"",""column"":""account_id"",""default"":null,""nullable"":""NO""},{""type"":""uuid"",""column"":""contact_id"",""default"":null,""nullable"":""YES""},{""type"":""uuid"",""column"":""company_id"",""default"":null,""nullable"":""YES""},{""type"":""uuid"",""column"":""deal_id"",""default"":null,""nullable"":""YES""},{""type"":""uuid"",""column"":""user_id"",""default"":null,""nullable"":""YES""},{""type"":""character varying"",""column"":""type"",""default"":null,""nullable"":""NO""},{""type"":""character varying"",""column"":""subject"",""default"":null,""nullable"":""YES""},{""type"":""text"",""column"":""body"",""default"":null,""nullable"":""YES""},{""type"":""character varying"",""column"":""direction"",""default"":null,""nullable"":""YES""},{""type"":""character varying"",""column"":""channel"",""default"":null,""nullable"":""YES""},{""type"":""character varying"",""column"":""email_message_id"",""default"":null,""nullable"":""YES""},{""type"":""character varying"",""column"":""email_thread_id"",""default"":null,""nullable"":""YES""},{""type"":""character varying"",""column"":""email_from"",""default"":null,""nullable"":""YES""},{""type"":""ARRAY"",""column"":""email_to"",""default"":null,""nullable"":""YES""},{""type"":""ARRAY"",""column"":""email_cc"",""default"":null,""nullable"":""YES""},{""type"":""ARRAY"",""column"":""email_bcc"",""default"":null,""nullable"":""YES""},{""type"":""jsonb"",""column"":""email_headers"",""default"":null,""nullable"":""YES""},{""type"":""timestamp without time zone"",""column"":""due_at"",""default"":null,""nullable"":""YES""},{""type"":""timestamp without time zone"",""column"":""completed_at"",""default"":null,""nullable"":""YES""},{""type"":""uuid"",""column"":""assignee_user_id"",""default"":null,""nullable"":""YES""},{""type"":""jsonb"",""column"":""metadata"",""default"":""'{}'::jsonb"",""nullable"":""YES""},{""type"":""timestamp without time zone"",""column"":""created_at"",""default"":""now()"",""nullable"":""YES""}]","[{""type"":""FOREIGN KEY"",""constraint"":""activities_account_id_fkey""},{""type"":""FOREIGN KEY"",""constraint"":""activities_assignee_user_id_fkey""},{""type"":""FOREIGN KEY"",""constraint"":""activities_company_id_fkey""},{""type"":""FOREIGN KEY"",""constraint"":""activities_contact_id_fkey""},{""type"":""FOREIGN KEY"",""constraint"":""activities_deal_id_fkey""},{""type"":""PRIMARY KEY"",""constraint"":""activities_pkey""},{""type"":""FOREIGN KEY"",""constraint"":""activities_user_id_fkey""},{""type"":""CHECK"",""constraint"":""2200_17674_1_not_null""},{""type"":""CHECK"",""constraint"":""2200_17674_2_not_null""},{""type"":""CHECK"",""constraint"":""2200_17674_7_not_null""}]","[{""def"":""CREATE UNIQUE INDEX activities_pkey ON public.activities USING btree (id)"",""index"":""activities_pkey""},{""def"":""CREATE INDEX idx_activities_account_id ON public.activities USING btree (account_id)"",""index"":""idx_activities_account_id""},{""def"":""CREATE INDEX idx_activities_contact_id ON public.activities USING btree (contact_id)"",""index"":""idx_activities_contact_id""},{""def"":""CREATE INDEX idx_activities_deal_id ON public.activities USING btree (deal_id)"",""index"":""idx_activities_deal_id""},{""def"":""CREATE INDEX idx_activities_email_message_id ON public.activities USING btree (email_message_id)"",""index"":""idx_activities_email_message_id""},{""def"":""CREATE INDEX idx_activities_type ON public.activities USING btree (account_id, type)"",""index"":""idx_activities_type""}]","[{""cmd"":""ALL"",""roles"":[""public""],""policy"":""Users manage own activities""}]"
agent_conversations,"[{""type"":""uuid"",""column"":""id"",""default"":""gen_random_uuid()"",""nullable"":""NO""},{""type"":""timestamp with time zone"",""column"":""created_at"",""default"":""now()"",""nullable"":""YES""},{""type"":""timestamp with time zone"",""column"":""updated_at"",""default"":""now()"",""nullable"":""YES""},{""type"":""uuid"",""column"":""account_id"",""default"":null,""nullable"":""YES""},{""type"":""text"",""column"":""session_id"",""default"":null,""nullable"":""NO""},{""type"":""text"",""column"":""source"",""default"":""'crm'::text"",""nullable"":""NO""},{""type"":""text"",""column"":""lead_name"",""default"":null,""nullable"":""YES""},{""type"":""text"",""column"":""lead_email"",""default"":null,""nullable"":""YES""},{""type"":""text"",""column"":""lead_phone"",""default"":null,""nullable"":""YES""},{""type"":""jsonb"",""column"":""messages"",""default"":""'[]'::jsonb"",""nullable"":""NO""},{""type"":""uuid"",""column"":""appointment_id"",""default"":null,""nullable"":""YES""},{""type"":""text"",""column"":""status"",""default"":""'active'::text"",""nullable"":""YES""}]","[{""type"":""FOREIGN KEY"",""constraint"":""agent_conversations_account_id_fkey""},{""type"":""FOREIGN KEY"",""constraint"":""agent_conversations_appointment_id_fkey""},{""type"":""PRIMARY KEY"",""constraint"":""agent_conversations_pkey""},{""type"":""UNIQUE"",""constraint"":""agent_conversations_session_id_key""},{""type"":""CHECK"",""constraint"":""agent_conversations_source_check""},{""type"":""CHECK"",""constraint"":""agent_conversations_status_check""},{""type"":""CHECK"",""constraint"":""2200_73780_1_not_null""},{""type"":""CHECK"",""constraint"":""2200_73780_5_not_null""},{""type"":""CHECK"",""constraint"":""2200_73780_6_not_null""},{""type"":""CHECK"",""constraint"":""2200_73780_10_not_null""}]","[{""def"":""CREATE UNIQUE INDEX agent_conversations_pkey ON public.agent_conversations USING btree (id)"",""index"":""agent_conversations_pkey""},{""def"":""CREATE UNIQUE INDEX agent_conversations_session_id_key ON public.agent_conversations USING btree (session_id)"",""index"":""agent_conversations_session_id_key""},{""def"":""CREATE INDEX idx_agent_conversations_account_id ON public.agent_conversations USING btree (account_id)"",""index"":""idx_agent_conversations_account_id""},{""def"":""CREATE INDEX idx_agent_conversations_appointment_id ON public.agent_conversations USING btree (appointment_id)"",""index"":""idx_agent_conversations_appointment_id""},{""def"":""CREATE INDEX idx_agent_conversations_created_at ON public.agent_conversations USING btree (created_at DESC)"",""index"":""idx_agent_conversations_created_at""},{""def"":""CREATE INDEX idx_agent_conversations_session_id ON public.agent_conversations USING btree (session_id)"",""index"":""idx_agent_conversations_session_id""},{""def"":""CREATE INDEX idx_agent_conversations_source ON public.agent_conversations USING btree (source)"",""index"":""idx_agent_conversations_source""},{""def"":""CREATE INDEX idx_agent_conversations_status ON public.agent_conversations USING btree (status)"",""index"":""idx_agent_conversations_status""}]","[{""cmd"":""SELECT"",""roles"":[""public""],""policy"":""Users can view own agent history""}]"
ai_insights,"[{""type"":""uuid"",""column"":""id"",""default"":""uuid_generate_v4()"",""nullable"":""NO""},{""type"":""uuid"",""column"":""account_id"",""default"":null,""nullable"":""NO""},{""type"":""character varying"",""column"":""insight_type"",""default"":null,""nullable"":""NO""},{""type"":""text"",""column"":""title"",""default"":null,""nullable"":""NO""},{""type"":""text"",""column"":""description"",""default"":null,""nullable"":""YES""},{""type"":""jsonb"",""column"":""data"",""default"":null,""nullable"":""YES""},{""type"":""numeric"",""column"":""confidence_score"",""default"":null,""nullable"":""YES""},{""type"":""character varying"",""column"":""entity_type"",""default"":null,""nullable"":""YES""},{""type"":""uuid"",""column"":""entity_id"",""default"":null,""nullable"":""YES""},{""type"":""character varying"",""column"":""status"",""default"":""'active'::character varying"",""nullable"":""YES""},{""type"":""text"",""column"":""action_taken"",""default"":null,""nullable"":""YES""},{""type"":""timestamp with time zone"",""column"":""action_taken_at"",""default"":null,""nullable"":""YES""},{""type"":""timestamp with time zone"",""column"":""created_at"",""default"":""now()"",""nullable"":""YES""},{""type"":""timestamp with time zone"",""column"":""updated_at"",""default"":""now()"",""nullable"":""YES""},{""type"":""timestamp with time zone"",""column"":""expires_at"",""default"":null,""nullable"":""YES""}]","[{""type"":""FOREIGN KEY"",""constraint"":""ai_insights_account_id_fkey""},{""type"":""PRIMARY KEY"",""constraint"":""ai_insights_pkey""},{""type"":""CHECK"",""constraint"":""ai_insights_status_check""},{""type"":""CHECK"",""constraint"":""2200_33273_1_not_null""},{""type"":""CHECK"",""constraint"":""2200_33273_2_not_null""},{""type"":""CHECK"",""constraint"":""2200_33273_3_not_null""},{""type"":""CHECK"",""constraint"":""2200_33273_4_not_null""}]","[{""def"":""CREATE UNIQUE INDEX ai_insights_pkey ON public.ai_insights USING btree (id)"",""index"":""ai_insights_pkey""},{""def"":""CREATE INDEX idx_ai_insights_account_id ON public.ai_insights USING btree (account_id)"",""index"":""idx_ai_insights_account_id""},{""def"":""CREATE INDEX idx_ai_insights_created_at ON public.ai_insights USING btree (created_at DESC)"",""index"":""idx_ai_insights_created_at""},{""def"":""CREATE INDEX idx_ai_insights_entity ON public.ai_insights USING btree (entity_type, entity_id)"",""index"":""idx_ai_insights_entity""},{""def"":""CREATE INDEX idx_ai_insights_status ON public.ai_insights USING btree (status)"",""index"":""idx_ai_insights_status""},{""def"":""CREATE INDEX idx_ai_insights_type ON public.ai_insights USING btree (insight_type)"",""index"":""idx_ai_insights_type""}]","[{""cmd"":""ALL"",""roles"":[""authenticated""],""policy"":""manage_account_data_non_recursive""},{""cmd"":""SELECT"",""roles"":[""authenticated""],""policy"":""view_account_data_non_recursive""}]"
ai_model_performance,"[{""type"":""uuid"",""column"":""id"",""default"":""uuid_generate_v4()"",""nullable"":""NO""},{""type"":""uuid"",""column"":""account_id"",""default"":null,""nullable"":""NO""},{""type"":""character varying"",""column"":""model_name"",""default"":null,""nullable"":""NO""},{""type"":""character varying"",""column"":""model_version"",""default"":null,""nullable"":""NO""},{""type"":""character varying"",""column"":""model_type"",""default"":null,""nullable"":""NO""},{""type"":""numeric"",""column"":""accuracy"",""default"":null,""nullable"":""YES""},{""type"":""numeric"",""column"":""precision_score"",""default"":null,""nullable"":""YES""},{""type"":""numeric"",""column"":""recall"",""default"":null,""nullable"":""YES""},{""type"":""numeric"",""column"":""f1_score"",""default"":null,""nullable"":""YES""},{""type"":""integer"",""column"":""training_samples"",""default"":null,""nullable"":""YES""},{""type"":""timestamp with time zone"",""column"":""training_date"",""default"":null,""nullable"":""YES""},{""type"":""integer"",""column"":""validation_samples"",""default"":null,""nullable"":""YES""},{""type"":""timestamp with time zone"",""column"":""validation_date"",""default"":null,""nullable"":""YES""},{""type"":""jsonb"",""column"":""metadata"",""default"":null,""nullable"":""YES""},{""type"":""timestamp with time zone"",""column"":""created_at"",""default"":""now()"",""nullable"":""YES""},{""type"":""timestamp with time zone"",""column"":""updated_at"",""default"":""now()"",""nullable"":""YES""}]","[{""type"":""FOREIGN KEY"",""constraint"":""ai_model_performance_account_id_fkey""},{""type"":""PRIMARY KEY"",""constraint"":""ai_model_performance_pkey""},{""type"":""CHECK"",""constraint"":""2200_33255_1_not_null""},{""type"":""CHECK"",""constraint"":""2200_33255_2_not_null""},{""type"":""CHECK"",""constraint"":""2200_33255_3_not_null""},{""type"":""CHECK"",""constraint"":""2200_33255_4_not_null""},{""type"":""CHECK"",""constraint"":""2200_33255_5_not_null""}]","[{""def"":""CREATE UNIQUE INDEX ai_model_performance_pkey ON public.ai_model_performance USING btree (id)"",""index"":""ai_model_performance_pkey""},{""def"":""CREATE INDEX idx_ai_model_performance_account_id ON public.ai_model_performance USING btree (account_id)"",""index"":""idx_ai_model_performance_account_id""},{""def"":""CREATE INDEX idx_ai_model_performance_model ON public.ai_model_performance USING btree (model_name, model_version)"",""index"":""idx_ai_model_performance_model""},{""def"":""CREATE INDEX idx_ai_model_performance_type ON public.ai_model_performance USING btree (model_type)"",""index"":""idx_ai_model_performance_type""}]","[{""cmd"":""ALL"",""roles"":[""authenticated""],""policy"":""manage_account_data_non_recursive""},{""cmd"":""SELECT"",""roles"":[""authenticated""],""policy"":""view_account_data_non_recursive""}]"
ai_scoring_history,"[{""type"":""uuid"",""column"":""id"",""default"":""uuid_generate_v4()"",""nullable"":""NO""},{""type"":""uuid"",""column"":""account_id"",""default"":null,""nullable"":""NO""},{""type"":""character varying"",""column"":""entity_type"",""default"":null,""nullable"":""NO""},{""type"":""uuid"",""column"":""entity_id"",""default"":null,""nullable"":""NO""},{""type"":""character varying"",""column"":""score_type"",""default"":null,""nullable"":""NO""},{""type"":""numeric"",""column"":""score_value"",""default"":null,""nullable"":""NO""},{""type"":""numeric"",""column"":""confidence_score"",""default"":null,""nullable"":""YES""},{""type"":""character varying"",""column"":""model_version"",""default"":null,""nullable"":""YES""},{""type"":""character varying"",""column"":""model_name"",""default"":null,""nullable"":""YES""},{""type"":""jsonb"",""column"":""contributing_factors"",""default"":""'[]'::jsonb"",""nullable"":""YES""},{""type"":""jsonb"",""column"":""recommended_actions"",""default"":""'[]'::jsonb"",""nullable"":""YES""},{""type"":""jsonb"",""column"":""metadata"",""default"":null,""nullable"":""YES""},{""type"":""timestamp with time zone"",""column"":""created_at"",""default"":""now()"",""nullable"":""YES""}]","[{""type"":""FOREIGN KEY"",""constraint"":""ai_scoring_history_account_id_fkey""},{""type"":""CHECK"",""constraint"":""ai_scoring_history_entity_type_check""},{""type"":""PRIMARY KEY"",""constraint"":""ai_scoring_history_pkey""},{""type"":""CHECK"",""constraint"":""2200_33235_1_not_null""},{""type"":""CHECK"",""constraint"":""2200_33235_2_not_null""},{""type"":""CHECK"",""constraint"":""2200_33235_3_not_null""},{""type"":""CHECK"",""constraint"":""2200_33235_4_not_null""},{""type"":""CHECK"",""constraint"":""2200_33235_5_not_null""},{""type"":""CHECK"",""constraint"":""2200_33235_6_not_null""}]","[{""def"":""CREATE UNIQUE INDEX ai_scoring_history_pkey ON public.ai_scoring_history USING btree (id)"",""index"":""ai_scoring_history_pkey""},{""def"":""CREATE INDEX idx_ai_scoring_history_account_id ON public.ai_scoring_history USING btree (account_id)"",""index"":""idx_ai_scoring_history_account_id""},{""def"":""CREATE INDEX idx_ai_scoring_history_created_at ON public.ai_scoring_history USING btree (created_at DESC)"",""index"":""idx_ai_scoring_history_created_at""},{""def"":""CREATE INDEX idx_ai_scoring_history_entity ON public.ai_scoring_history USING btree (entity_type, entity_id)"",""index"":""idx_ai_scoring_history_entity""}]","[{""cmd"":""ALL"",""roles"":[""authenticated""],""policy"":""manage_account_data_non_recursive""},{""cmd"":""SELECT"",""roles"":[""authenticated""],""policy"":""view_account_data_non_recursive""}]"
analysis_attempts,"[{""type"":""uuid"",""column"":""id"",""default"":""gen_random_uuid()"",""nullable"":""NO""},{""type"":""text"",""column"":""invocation_id"",""default"":null,""nullable"":""NO""},{""type"":""uuid"",""column"":""user_id"",""default"":null,""nullable"":""YES""},{""type"":""text"",""column"":""status"",""default"":""'started'::text"",""nullable"":""NO""},{""type"":""boolean"",""column"":""client_observed_timeout"",""default"":""false"",""nullable"":""NO""},{""type"":""timestamp with time zone"",""column"":""started_at"",""default"":""now()"",""nullable"":""NO""},{""type"":""timestamp with time zone"",""column"":""ended_at"",""default"":null,""nullable"":""YES""},{""type"":""integer"",""column"":""total_ms"",""default"":null,""nullable"":""YES""}]","[{""type"":""PRIMARY KEY"",""constraint"":""analysis_attempts_pkey""},{""type"":""CHECK"",""constraint"":""analysis_attempts_status_check""},{""type"":""CHECK"",""constraint"":""2200_116963_1_not_null""},{""type"":""CHECK"",""constraint"":""2200_116963_2_not_null""},{""type"":""CHECK"",""constraint"":""2200_116963_4_not_null""},{""type"":""CHECK"",""constraint"":""2200_116963_5_not_null""},{""type"":""CHECK"",""constraint"":""2200_116963_6_not_null""}]","[{""def"":""CREATE UNIQUE INDEX analysis_attempts_pkey ON public.analysis_attempts USING btree (id)"",""index"":""analysis_attempts_pkey""},{""def"":""CREATE INDEX idx_analysis_attempts_status_started ON public.analysis_attempts USING btree (status, started_at)"",""index"":""idx_analysis_attempts_status_started""},{""def"":""CREATE INDEX idx_analysis_attempts_invocation_id ON public.analysis_attempts USING btree (invocation_id)"",""index"":""idx_analysis_attempts_invocation_id""}]","[{""cmd"":""SELECT"",""roles"":[""authenticated""],""policy"":""Users can view own analysis attempts""}]"
appointments,"[{""type"":""uuid"",""column"":""id"",""default"":""gen_random_uuid()"",""nullable"":""NO""},{""type"":""timestamp with time zone"",""column"":""created_at"",""default"":""now()"",""nullable"":""YES""},{""type"":""timestamp with time zone"",""column"":""updated_at"",""default"":""now()"",""nullable"":""YES""},{""type"":""uuid"",""column"":""account_id"",""default"":null,""nullable"":""NO""},{""type"":""uuid"",""column"":""contact_id"",""default"":null,""nullable"":""YES""},{""type"":""uuid"",""column"":""company_id"",""default"":null,""nullable"":""YES""},{""type"":""uuid"",""column"":""deal_id"",""default"":null,""nullable"":""YES""},{""type"":""uuid"",""column"":""booked_by_user_id"",""default"":null,""nullable"":""YES""},{""type"":""text"",""column"":""invitee_name"",""default"":null,""nullable"":""NO""},{""type"":""text"",""column"":""invitee_email"",""default"":null,""nullable"":""NO""},{""type"":""text"",""column"":""invitee_phone"",""default"":null,""nullable"":""YES""},{""type"":""text"",""column"":""title"",""default"":null,""nullable"":""NO""},{""type"":""text"",""column"":""description"",""default"":null,""nullable"":""YES""},{""type"":""text"",""column"":""status"",""default"":""'scheduled'::text"",""nullable"":""NO""},{""type"":""text"",""column"":""appointment_type"",""default"":""'call'::text"",""nullable"":""NO""},{""type"":""timestamp with time zone"",""column"":""start_time"",""default"":null,""nullable"":""NO""},{""type"":""timestamp with time zone"",""column"":""end_time"",""default"":null,""nullable"":""NO""},{""type"":""text"",""column"":""timezone"",""default"":""'UTC'::text"",""nullable"":""YES""},{""type"":""integer"",""column"":""duration_minutes"",""default"":null,""nullable"":""YES""},{""type"":""text"",""column"":""location"",""default"":null,""nullable"":""YES""},{""type"":""text"",""column"":""meeting_url"",""default"":null,""nullable"":""YES""},{""type"":""text"",""column"":""calendly_event_uri"",""default"":null,""nullable"":""YES""},{""type"":""text"",""column"":""calendly_invitee_uri"",""default"":null,""nullable"":""YES""},{""type"":""text"",""column"":""calendly_event_type_uri"",""default"":null,""nullable"":""YES""},{""type"":""text"",""column"":""calendly_cancel_url"",""default"":null,""nullable"":""YES""},{""type"":""text"",""column"":""calendly_reschedule_url"",""default"":null,""nullable"":""YES""},{""type"":""text"",""column"":""source"",""default"":""'manual'::text"",""nullable"":""YES""},{""type"":""uuid"",""column"":""source_lead_id"",""default"":null,""nullable"":""YES""},{""type"":""jsonb"",""column"":""agent_conversation"",""default"":""'[]'::jsonb"",""nullable"":""YES""},{""type"":""timestamp with time zone"",""column"":""confirmation_sent_at"",""default"":null,""nullable"":""YES""},{""type"":""timestamp with time zone"",""column"":""reminder_sent_at"",""default"":null,""nullable"":""YES""},{""type"":""text"",""column"":""notes"",""default"":null,""nullable"":""YES""},{""type"":""jsonb"",""column"":""metadata"",""default"":""'{}'::jsonb"",""nullable"":""YES""}]","[{""type"":""FOREIGN KEY"",""constraint"":""appointments_account_id_fkey""},{""type"":""CHECK"",""constraint"":""appointments_appointment_type_check""},{""type"":""FOREIGN KEY"",""constraint"":""appointments_booked_by_user_id_fkey""},{""type"":""FOREIGN KEY"",""constraint"":""appointments_company_id_fkey""},{""type"":""FOREIGN KEY"",""constraint"":""appointments_contact_id_fkey""},{""type"":""FOREIGN KEY"",""constraint"":""appointments_deal_id_fkey""},{""type"":""PRIMARY KEY"",""constraint"":""appointments_pkey""},{""type"":""CHECK"",""constraint"":""appointments_source_check""},{""type"":""CHECK"",""constraint"":""appointments_status_check""},{""type"":""CHECK"",""constraint"":""2200_73726_1_not_null""},{""type"":""CHECK"",""constraint"":""2200_73726_4_not_null""},{""type"":""CHECK"",""constraint"":""2200_73726_9_not_null""},{""type"":""CHECK"",""constraint"":""2200_73726_10_not_null""},{""type"":""CHECK"",""constraint"":""2200_73726_12_not_null""},{""type"":""CHECK"",""constraint"":""2200_73726_14_not_null""},{""type"":""CHECK"",""constraint"":""2200_73726_15_not_null""},{""type"":""CHECK"",""constraint"":""2200_73726_16_not_null""},{""type"":""CHECK"",""constraint"":""2200_73726_17_not_null""}]","[{""def"":""CREATE UNIQUE INDEX appointments_pkey ON public.appointments USING btree (id)"",""index"":""appointments_pkey""},{""def"":""CREATE INDEX idx_appointments_account_id ON public.appointments USING btree (account_id)"",""index"":""idx_appointments_account_id""},{""def"":""CREATE INDEX idx_appointments_calendly_event_uri ON public.appointments USING btree (calendly_event_uri)"",""index"":""idx_appointments_calendly_event_uri""},{""def"":""CREATE INDEX idx_appointments_contact_id ON public.appointments USING btree (contact_id)"",""index"":""idx_appointments_contact_id""},{""def"":""CREATE INDEX idx_appointments_source ON public.appointments USING btree (source)"",""index"":""idx_appointments_source""},{""def"":""CREATE INDEX idx_appointments_start_time ON public.appointments USING btree (start_time)"",""index"":""idx_appointments_start_time""},{""def"":""CREATE INDEX idx_appointments_status ON public.appointments USING btree (status)"",""index"":""idx_appointments_status""}]","[{""cmd"":""ALL"",""roles"":[""public""],""policy"":""Users manage own appointments""}]"
audit_logs,"[{""type"":""uuid"",""column"":""id"",""default"":""gen_random_uuid()"",""nullable"":""NO""},{""type"":""uuid"",""column"":""account_id"",""default"":null,""nullable"":""NO""},{""type"":""uuid"",""column"":""user_id"",""default"":null,""nullable"":""YES""},{""type"":""character varying"",""column"":""action"",""default"":null,""nullable"":""NO""},{""type"":""character varying"",""column"":""entity_type"",""default"":null,""nullable"":""NO""},{""type"":""uuid"",""column"":""entity_id"",""default"":null,""nullable"":""YES""},{""type"":""jsonb"",""column"":""changes"",""default"":null,""nullable"":""YES""},{""type"":""character varying"",""column"":""ip_address"",""default"":null,""nullable"":""YES""},{""type"":""text"",""column"":""user_agent"",""default"":null,""nullable"":""YES""},{""type"":""timestamp without time zone"",""column"":""created_at"",""default"":""now()"",""nullable"":""YES""}]","[{""type"":""FOREIGN KEY"",""constraint"":""audit_logs_account_id_fkey""},{""type"":""PRIMARY KEY"",""constraint"":""audit_logs_pkey""},{""type"":""FOREIGN KEY"",""constraint"":""audit_logs_user_id_fkey""},{""type"":""CHECK"",""constraint"":""2200_18060_1_not_null""},{""type"":""CHECK"",""constraint"":""2200_18060_2_not_null""},{""type"":""CHECK"",""constraint"":""2200_18060_4_not_null""},{""type"":""CHECK"",""constraint"":""2200_18060_5_not_null""}]","[{""def"":""CREATE UNIQUE INDEX audit_logs_pkey ON public.audit_logs USING btree (id)"",""index"":""audit_logs_pkey""},{""def"":""CREATE INDEX idx_audit_logs_account ON public.audit_logs USING btree (account_id)"",""index"":""idx_audit_logs_account""},{""def"":""CREATE INDEX idx_audit_logs_created ON public.audit_logs USING btree (created_at DESC)"",""index"":""idx_audit_logs_created""},{""def"":""CREATE INDEX idx_audit_logs_entity ON public.audit_logs USING btree (entity_type, entity_id)"",""index"":""idx_audit_logs_entity""}]","[{""cmd"":""ALL"",""roles"":[""authenticated""],""policy"":""manage_account_data_non_recursive""},{""cmd"":""SELECT"",""roles"":[""authenticated""],""policy"":""view_account_data_non_recursive""}]"
audits,"[{""type"":""uuid"",""column"":""id"",""default"":""gen_random_uuid()"",""nullable"":""NO""},{""type"":""uuid"",""column"":""tenant_id"",""default"":null,""nullable"":""YES""},{""type"":""USER-DEFINED"",""column"":""audit_type"",""default"":""'prospect'::waas_audit_type"",""nullable"":""NO""},{""type"":""USER-DEFINED"",""column"":""status"",""default"":""'pending'::waas_audit_status"",""nullable"":""NO""},{""type"":""text"",""column"":""target_url"",""default"":null,""nullable"":""NO""},{""type"":""ARRAY"",""column"":""competitor_urls"",""default"":""'{}'::text[]"",""nullable"":""NO""},{""type"":""jsonb"",""column"":""report_data"",""default"":""'{}'::jsonb"",""nullable"":""YES""},{""type"":""text"",""column"":""requestor_name"",""default"":null,""nullable"":""YES""},{""type"":""text"",""column"":""requestor_email"",""default"":null,""nullable"":""YES""},{""type"":""text"",""column"":""requestor_phone"",""default"":null,""nullable"":""YES""},{""type"":""text"",""column"":""requestor_company"",""default"":null,""nullable"":""YES""},{""type"":""timestamp with time zone"",""column"":""requested_at"",""default"":""now()"",""nullable"":""NO""},{""type"":""timestamp with time zone"",""column"":""started_at"",""default"":null,""nullable"":""YES""},{""type"":""timestamp with time zone"",""column"":""completed_at"",""default"":null,""nullable"":""YES""},{""type"":""timestamp with time zone"",""column"":""expires_at"",""default"":""(now() + '30 days'::interval)"",""nullable"":""NO""},{""type"":""text"",""column"":""error_message"",""default"":null,""nullable"":""YES""},{""type"":""integer"",""column"":""retry_count"",""default"":""0"",""nullable"":""NO""},{""type"":""text"",""column"":""seo_provider"",""default"":null,""nullable"":""YES""},{""type"":""uuid"",""column"":""lead_id"",""default"":null,""nullable"":""YES""},{""type"":""boolean"",""column"":""admin_notified"",""default"":""false"",""nullable"":""NO""},{""type"":""timestamp with time zone"",""column"":""admin_notified_at"",""default"":null,""nullable"":""YES""},{""type"":""boolean"",""column"":""manual_review"",""default"":""false"",""nullable"":""NO""},{""type"":""text"",""column"":""manual_review_note"",""default"":null,""nullable"":""YES""},{""type"":""ARRAY"",""column"":""keywords_used"",""default"":""'{}'::text[]"",""nullable"":""NO""},{""type"":""text"",""column"":""location_detected"",""default"":null,""nullable"":""YES""},{""type"":""timestamp with time zone"",""column"":""created_at"",""default"":""now()"",""nullable"":""NO""},{""type"":""timestamp with time zone"",""column"":""updated_at"",""default"":""now()"",""nullable"":""NO""}]","[{""type"":""FOREIGN KEY"",""constraint"":""audits_lead_id_fkey""},{""type"":""PRIMARY KEY"",""constraint"":""audits_pkey""},{""type"":""FOREIGN KEY"",""constraint"":""audits_tenant_id_fkey""},{""type"":""CHECK"",""constraint"":""2200_109049_1_not_null""},{""type"":""CHECK"",""constraint"":""2200_109049_3_not_null""},{""type"":""CHECK"",""constraint"":""2200_109049_4_not_null""},{""type"":""CHECK"",""constraint"":""2200_109049_5_not_null""},{""type"":""CHECK"",""constraint"":""2200_109049_6_not_null""},{""type"":""CHECK"",""constraint"":""2200_109049_12_not_null""},{""type"":""CHECK"",""constraint"":""2200_109049_15_not_null""},{""type"":""CHECK"",""constraint"":""2200_109049_17_not_null""},{""type"":""CHECK"",""constraint"":""2200_109049_20_not_null""},{""type"":""CHECK"",""constraint"":""2200_109049_22_not_null""},{""type"":""CHECK"",""constraint"":""2200_109049_24_not_null""},{""type"":""CHECK"",""constraint"":""2200_109049_26_not_null""},{""type"":""CHECK"",""constraint"":""2200_109049_27_not_null""}]","[{""def"":""CREATE UNIQUE INDEX audits_pkey ON public.audits USING btree (id)"",""index"":""audits_pkey""},{""def"":""CREATE INDEX idx_audits_expires_at ON public.audits USING btree (expires_at) WHERE (status = 'completed'::waas_audit_status)"",""index"":""idx_audits_expires_at""},{""def"":""CREATE INDEX idx_audits_lead_id ON public.audits USING btree (lead_id) WHERE (lead_id IS NOT NULL)"",""index"":""idx_audits_lead_id""},{""def"":""CREATE INDEX idx_audits_manual_review ON public.audits USING btree (manual_review, created_at DESC) WHERE (manual_review = true)"",""index"":""idx_audits_manual_review""},{""def"":""CREATE INDEX idx_audits_requestor ON public.audits USING btree (requestor_email) WHERE (requestor_email IS NOT NULL)"",""index"":""idx_audits_requestor""},{""def"":""CREATE INDEX idx_audits_status ON public.audits USING btree (status, requested_at)"",""index"":""idx_audits_status""},{""def"":""CREATE INDEX idx_audits_target_url ON public.audits USING btree (target_url, tenant_id)"",""index"":""idx_audits_target_url""},{""def"":""CREATE INDEX idx_audits_tenant_id ON public.audits USING btree (tenant_id) WHERE (tenant_id IS NOT NULL)"",""index"":""idx_audits_tenant_id""}]","[{""cmd"":""ALL"",""roles"":[""authenticated""],""policy"":""audits_admin_all""},{""cmd"":""INSERT"",""roles"":[""anon""],""policy"":""audits_anon_insert_prospect""},{""cmd"":""SELECT"",""roles"":[""anon""],""policy"":""audits_anon_read_own""}]"
billing_usage,"[{""type"":""uuid"",""column"":""id"",""default"":""gen_random_uuid()"",""nullable"":""NO""},{""type"":""uuid"",""column"":""account_id"",""default"":null,""nullable"":""NO""},{""type"":""character varying"",""column"":""metric"",""default"":null,""nullable"":""NO""},{""type"":""integer"",""column"":""quantity"",""default"":null,""nullable"":""NO""},{""type"":""numeric"",""column"":""cost"",""default"":null,""nullable"":""YES""},{""type"":""timestamp without time zone"",""column"":""recorded_at"",""default"":""now()"",""nullable"":""YES""}]","[{""type"":""FOREIGN KEY"",""constraint"":""billing_usage_account_id_fkey""},{""type"":""PRIMARY KEY"",""constraint"":""billing_usage_pkey""},{""type"":""CHECK"",""constraint"":""2200_18082_1_not_null""},{""type"":""CHECK"",""constraint"":""2200_18082_2_not_null""},{""type"":""CHECK"",""constraint"":""2200_18082_3_not_null""},{""type"":""CHECK"",""constraint"":""2200_18082_4_not_null""}]","[{""def"":""CREATE UNIQUE INDEX billing_usage_pkey ON public.billing_usage USING btree (id)"",""index"":""billing_usage_pkey""},{""def"":""CREATE INDEX idx_billing_usage_account ON public.billing_usage USING btree (account_id, recorded_at)"",""index"":""idx_billing_usage_account""},{""def"":""CREATE INDEX idx_billing_usage_metric ON public.billing_usage USING btree (account_id, metric)"",""index"":""idx_billing_usage_metric""}]","[{""cmd"":""ALL"",""roles"":[""authenticated""],""policy"":""manage_account_data_non_recursive""},{""cmd"":""SELECT"",""roles"":[""authenticated""],""policy"":""view_account_data_non_recursive""}]"
calendly_connections,"[{""type"":""uuid"",""column"":""id"",""default"":""gen_random_uuid()"",""nullable"":""NO""},{""type"":""timestamp with time zone"",""column"":""created_at"",""default"":""now()"",""nullable"":""YES""},{""type"":""timestamp with time zone"",""column"":""updated_at"",""default"":""now()"",""nullable"":""YES""},{""type"":""uuid"",""column"":""account_id"",""default"":null,""nullable"":""NO""},{""type"":""uuid"",""column"":""user_id"",""default"":null,""nullable"":""NO""},{""type"":""text"",""column"":""access_token"",""default"":null,""nullable"":""NO""},{""type"":""text"",""column"":""refresh_token"",""default"":null,""nullable"":""YES""},{""type"":""timestamp with time zone"",""column"":""token_expires_at"",""default"":null,""nullable"":""YES""},{""type"":""text"",""column"":""calendly_user_uri"",""default"":null,""nullable"":""NO""},{""type"":""text"",""column"":""calendly_user_name"",""default"":null,""nullable"":""YES""},{""type"":""text"",""column"":""calendly_user_email"",""default"":null,""nullable"":""YES""},{""type"":""text"",""column"":""calendly_organization_uri"",""default"":null,""nullable"":""YES""},{""type"":""boolean"",""column"":""is_active"",""default"":""true"",""nullable"":""YES""}]","[{""type"":""FOREIGN KEY"",""constraint"":""calendly_connections_account_id_fkey""},{""type"":""PRIMARY KEY"",""constraint"":""calendly_connections_pkey""},{""type"":""FOREIGN KEY"",""constraint"":""calendly_connections_user_id_fkey""},{""type"":""UNIQUE"",""constraint"":""calendly_connections_user_id_key""},{""type"":""CHECK"",""constraint"":""2200_73699_1_not_null""},{""type"":""CHECK"",""constraint"":""2200_73699_4_not_null""},{""type"":""CHECK"",""constraint"":""2200_73699_5_not_null""},{""type"":""CHECK"",""constraint"":""2200_73699_6_not_null""},{""type"":""CHECK"",""constraint"":""2200_73699_9_not_null""}]","[{""def"":""CREATE UNIQUE INDEX calendly_connections_pkey ON public.calendly_connections USING btree (id)"",""index"":""calendly_connections_pkey""},{""def"":""CREATE UNIQUE INDEX calendly_connections_user_id_key ON public.calendly_connections USING btree (user_id)"",""index"":""calendly_connections_user_id_key""},{""def"":""CREATE INDEX idx_calendly_connections_account_id ON public.calendly_connections USING btree (account_id)"",""index"":""idx_calendly_connections_account_id""},{""def"":""CREATE INDEX idx_calendly_connections_user_id ON public.calendly_connections USING btree (user_id)"",""index"":""idx_calendly_connections_user_id""}]","[{""cmd"":""ALL"",""roles"":[""authenticated""],""policy"":""Users can manage their own Calendly connection""}]"
campaign_analytics,"[{""type"":""uuid"",""column"":""id"",""default"":""uuid_generate_v4()"",""nullable"":""NO""},{""type"":""uuid"",""column"":""campaign_id"",""default"":null,""nullable"":""NO""},{""type"":""date"",""column"":""date"",""default"":null,""nullable"":""NO""},{""type"":""integer"",""column"":""emails_sent"",""default"":""0"",""nullable"":""YES""},{""type"":""integer"",""column"":""emails_delivered"",""default"":""0"",""nullable"":""YES""},{""type"":""integer"",""column"":""emails_opened"",""default"":""0"",""nullable"":""YES""},{""type"":""integer"",""column"":""emails_clicked"",""default"":""0"",""nullable"":""YES""},{""type"":""integer"",""column"":""emails_bounced"",""default"":""0"",""nullable"":""YES""},{""type"":""integer"",""column"":""emails_unsubscribed"",""default"":""0"",""nullable"":""YES""},{""type"":""numeric"",""column"":""open_rate"",""default"":null,""nullable"":""YES""},{""type"":""numeric"",""column"":""click_rate"",""default"":null,""nullable"":""YES""},{""type"":""numeric"",""column"":""bounce_rate"",""default"":null,""nullable"":""YES""},{""type"":""numeric"",""column"":""unsubscribe_rate"",""default"":null,""nullable"":""YES""},{""type"":""timestamp with time zone"",""column"":""created_at"",""default"":""now()"",""nullable"":""YES""},{""type"":""timestamp with time zone"",""column"":""updated_at"",""default"":""now()"",""nullable"":""YES""}]","[{""type"":""UNIQUE"",""constraint"":""campaign_analytics_campaign_id_date_key""},{""type"":""FOREIGN KEY"",""constraint"":""campaign_analytics_campaign_id_fkey""},{""type"":""PRIMARY KEY"",""constraint"":""campaign_analytics_pkey""},{""type"":""CHECK"",""constraint"":""2200_33186_1_not_null""},{""type"":""CHECK"",""constraint"":""2200_33186_2_not_null""},{""type"":""CHECK"",""constraint"":""2200_33186_3_not_null""}]","[{""def"":""CREATE UNIQUE INDEX campaign_analytics_campaign_id_date_key ON public.campaign_analytics USING btree (campaign_id, date)"",""index"":""campaign_analytics_campaign_id_date_key""},{""def"":""CREATE UNIQUE INDEX campaign_analytics_pkey ON public.campaign_analytics USING btree (id)"",""index"":""campaign_analytics_pkey""},{""def"":""CREATE INDEX idx_campaign_analytics_campaign_id ON public.campaign_analytics USING btree (campaign_id)"",""index"":""idx_campaign_analytics_campaign_id""},{""def"":""CREATE INDEX idx_campaign_analytics_date ON public.campaign_analytics USING btree (date DESC)"",""index"":""idx_campaign_analytics_date""}]","[{""cmd"":""SELECT"",""roles"":[""public""],""policy"":""Users can view analytics for their account's campaigns""}]"
campaign_emails,"[{""type"":""uuid"",""column"":""id"",""default"":""uuid_generate_v4()"",""nullable"":""NO""},{""type"":""uuid"",""column"":""campaign_id"",""default"":null,""nullable"":""NO""},{""type"":""uuid"",""column"":""account_id"",""default"":null,""nullable"":""NO""},{""type"":""uuid"",""column"":""contact_id"",""default"":null,""nullable"":""YES""},{""type"":""text"",""column"":""recipient_email"",""default"":null,""nullable"":""NO""},{""type"":""text"",""column"":""recipient_name"",""default"":null,""nullable"":""YES""},{""type"":""text"",""column"":""subject"",""default"":null,""nullable"":""NO""},{""type"":""text"",""column"":""body_html"",""default"":null,""nullable"":""NO""},{""type"":""text"",""column"":""body_plain"",""default"":null,""nullable"":""YES""},{""type"":""text"",""column"":""variant"",""default"":null,""nullable"":""YES""},{""type"":""text"",""column"":""status"",""default"":""'pending'::text"",""nullable"":""NO""},{""type"":""timestamp with time zone"",""column"":""sent_at"",""default"":null,""nullable"":""YES""},{""type"":""timestamp with time zone"",""column"":""delivered_at"",""default"":null,""nullable"":""YES""},{""type"":""timestamp with time zone"",""column"":""opened_at"",""default"":null,""nullable"":""YES""},{""type"":""timestamp with time zone"",""column"":""clicked_at"",""default"":null,""nullable"":""YES""},{""type"":""timestamp with time zone"",""column"":""bounced_at"",""default"":null,""nullable"":""YES""},{""type"":""timestamp with time zone"",""column"":""unsubscribed_at"",""default"":null,""nullable"":""YES""},{""type"":""text"",""column"":""sendgrid_message_id"",""default"":null,""nullable"":""YES""},{""type"":""text"",""column"":""error_message"",""default"":null,""nullable"":""YES""},{""type"":""timestamp with time zone"",""column"":""created_at"",""default"":""now()"",""nullable"":""YES""},{""type"":""timestamp with time zone"",""column"":""updated_at"",""default"":""now()"",""nullable"":""YES""}]","[{""type"":""FOREIGN KEY"",""constraint"":""campaign_emails_account_id_fkey""},{""type"":""FOREIGN KEY"",""constraint"":""campaign_emails_campaign_id_fkey""},{""type"":""FOREIGN KEY"",""constraint"":""campaign_emails_contact_id_fkey""},{""type"":""PRIMARY KEY"",""constraint"":""campaign_emails_pkey""},{""type"":""CHECK"",""constraint"":""campaign_emails_status_check""},{""type"":""CHECK"",""constraint"":""2200_33103_1_not_null""},{""type"":""CHECK"",""constraint"":""2200_33103_2_not_null""},{""type"":""CHECK"",""constraint"":""2200_33103_3_not_null""},{""type"":""CHECK"",""constraint"":""2200_33103_5_not_null""},{""type"":""CHECK"",""constraint"":""2200_33103_7_not_null""},{""type"":""CHECK"",""constraint"":""2200_33103_8_not_null""},{""type"":""CHECK"",""constraint"":""2200_33103_11_not_null""}]","[{""def"":""CREATE UNIQUE INDEX campaign_emails_pkey ON public.campaign_emails USING btree (id)"",""index"":""campaign_emails_pkey""},{""def"":""CREATE INDEX idx_campaign_emails_campaign_id ON public.campaign_emails USING btree (campaign_id)"",""index"":""idx_campaign_emails_campaign_id""},{""def"":""CREATE INDEX idx_campaign_emails_contact_id ON public.campaign_emails USING btree (contact_id)"",""index"":""idx_campaign_emails_contact_id""},{""def"":""CREATE INDEX idx_campaign_emails_recipient_email ON public.campaign_emails USING btree (recipient_email)"",""index"":""idx_campaign_emails_recipient_email""},{""def"":""CREATE INDEX idx_campaign_emails_status ON public.campaign_emails USING btree (status)"",""index"":""idx_campaign_emails_status""}]","[{""cmd"":""ALL"",""roles"":[""authenticated""],""policy"":""manage_account_data_non_recursive""},{""cmd"":""SELECT"",""roles"":[""authenticated""],""policy"":""view_account_data_non_recursive""}]"
campaign_sequence_executions,"[{""type"":""uuid"",""column"":""id"",""default"":""uuid_generate_v4()"",""nullable"":""NO""},{""type"":""uuid"",""column"":""campaign_id"",""default"":null,""nullable"":""NO""},{""type"":""uuid"",""column"":""sequence_id"",""default"":null,""nullable"":""NO""},{""type"":""uuid"",""column"":""contact_id"",""default"":null,""nullable"":""NO""},{""type"":""text"",""column"":""status"",""default"":""'pending'::text"",""nullable"":""NO""},{""type"":""timestamp with time zone"",""column"":""scheduled_at"",""default"":null,""nullable"":""NO""},{""type"":""timestamp with time zone"",""column"":""executed_at"",""default"":null,""nullable"":""YES""},{""type"":""uuid"",""column"":""campaign_email_id"",""default"":null,""nullable"":""YES""},{""type"":""timestamp with time zone"",""column"":""created_at"",""default"":""now()"",""nullable"":""YES""},{""type"":""timestamp with time zone"",""column"":""updated_at"",""default"":""now()"",""nullable"":""YES""}]","[{""type"":""FOREIGN KEY"",""constraint"":""campaign_sequence_executions_campaign_email_id_fkey""},{""type"":""FOREIGN KEY"",""constraint"":""campaign_sequence_executions_campaign_id_fkey""},{""type"":""FOREIGN KEY"",""constraint"":""campaign_sequence_executions_contact_id_fkey""},{""type"":""PRIMARY KEY"",""constraint"":""campaign_sequence_executions_pkey""},{""type"":""FOREIGN KEY"",""constraint"":""campaign_sequence_executions_sequence_id_fkey""},{""type"":""CHECK"",""constraint"":""campaign_sequence_executions_status_check""},{""type"":""CHECK"",""constraint"":""2200_33154_1_not_null""},{""type"":""CHECK"",""constraint"":""2200_33154_2_not_null""},{""type"":""CHECK"",""constraint"":""2200_33154_3_not_null""},{""type"":""CHECK"",""constraint"":""2200_33154_4_not_null""},{""type"":""CHECK"",""constraint"":""2200_33154_5_not_null""},{""type"":""CHECK"",""constraint"":""2200_33154_6_not_null""}]","[{""def"":""CREATE UNIQUE INDEX campaign_sequence_executions_pkey ON public.campaign_sequence_executions USING btree (id)"",""index"":""campaign_sequence_executions_pkey""},{""def"":""CREATE INDEX idx_campaign_sequence_executions_campaign_id ON public.campaign_sequence_executions USING btree (campaign_id)"",""index"":""idx_campaign_sequence_executions_campaign_id""},{""def"":""CREATE INDEX idx_campaign_sequence_executions_contact_id ON public.campaign_sequence_executions USING btree (contact_id)"",""index"":""idx_campaign_sequence_executions_contact_id""},{""def"":""CREATE INDEX idx_campaign_sequence_executions_scheduled_at ON public.campaign_sequence_executions USING btree (scheduled_at)"",""index"":""idx_campaign_sequence_executions_scheduled_at""}]","[{""cmd"":""DELETE"",""roles"":[""public""],""policy"":""Users can delete executions for their account's campaigns""},{""cmd"":""INSERT"",""roles"":[""public""],""policy"":""Users can insert executions for their account's campaigns""},{""cmd"":""UPDATE"",""roles"":[""public""],""policy"":""Users can update executions for their account's campaigns""},{""cmd"":""SELECT"",""roles"":[""public""],""policy"":""Users can view executions for their account's campaigns""}]"
campaign_sequences,"[{""type"":""uuid"",""column"":""id"",""default"":""uuid_generate_v4()"",""nullable"":""NO""},{""type"":""uuid"",""column"":""campaign_id"",""default"":null,""nullable"":""NO""},{""type"":""text"",""column"":""name"",""default"":null,""nullable"":""NO""},{""type"":""integer"",""column"":""order_index"",""default"":""0"",""nullable"":""NO""},{""type"":""uuid"",""column"":""template_id"",""default"":null,""nullable"":""YES""},{""type"":""text"",""column"":""subject"",""default"":null,""nullable"":""NO""},{""type"":""text"",""column"":""body_html"",""default"":null,""nullable"":""NO""},{""type"":""text"",""column"":""body_plain"",""default"":null,""nullable"":""YES""},{""type"":""integer"",""column"":""delay_value"",""default"":""0"",""nullable"":""NO""},{""type"":""text"",""column"":""delay_unit"",""default"":""'days'::text"",""nullable"":""NO""},{""type"":""timestamp with time zone"",""column"":""created_at"",""default"":""now()"",""nullable"":""YES""},{""type"":""timestamp with time zone"",""column"":""updated_at"",""default"":""now()"",""nullable"":""YES""}]","[{""type"":""FOREIGN KEY"",""constraint"":""campaign_sequences_campaign_id_fkey""},{""type"":""CHECK"",""constraint"":""campaign_sequences_delay_unit_check""},{""type"":""PRIMARY KEY"",""constraint"":""campaign_sequences_pkey""},{""type"":""FOREIGN KEY"",""constraint"":""campaign_sequences_template_id_fkey""},{""type"":""CHECK"",""constraint"":""2200_33130_1_not_null""},{""type"":""CHECK"",""constraint"":""2200_33130_2_not_null""},{""type"":""CHECK"",""constraint"":""2200_33130_3_not_null""},{""type"":""CHECK"",""constraint"":""2200_33130_4_not_null""},{""type"":""CHECK"",""constraint"":""2200_33130_6_not_null""},{""type"":""CHECK"",""constraint"":""2200_33130_7_not_null""},{""type"":""CHECK"",""constraint"":""2200_33130_9_not_null""},{""type"":""CHECK"",""constraint"":""2200_33130_10_not_null""}]","[{""def"":""CREATE UNIQUE INDEX campaign_sequences_pkey ON public.campaign_sequences USING btree (id)"",""index"":""campaign_sequences_pkey""},{""def"":""CREATE INDEX idx_campaign_sequences_campaign_id ON public.campaign_sequences USING btree (campaign_id)"",""index"":""idx_campaign_sequences_campaign_id""},{""def"":""CREATE INDEX idx_campaign_sequences_order ON public.campaign_sequences USING btree (campaign_id, order_index)"",""index"":""idx_campaign_sequences_order""}]","[{""cmd"":""DELETE"",""roles"":[""public""],""policy"":""Users can delete sequences for their account's campaigns""},{""cmd"":""INSERT"",""roles"":[""public""],""policy"":""Users can insert sequences for their account's campaigns""},{""cmd"":""UPDATE"",""roles"":[""public""],""policy"":""Users can update sequences for their account's campaigns""},{""cmd"":""SELECT"",""roles"":[""public""],""policy"":""Users can view sequences for their account's campaigns""}]"
campaigns,"[{""type"":""uuid"",""column"":""id"",""default"":""gen_random_uuid()"",""nullable"":""NO""},{""type"":""uuid"",""column"":""account_id"",""default"":null,""nullable"":""NO""},{""type"":""uuid"",""column"":""created_by_user_id"",""default"":null,""nullable"":""YES""},{""type"":""character varying"",""column"":""name"",""default"":null,""nullable"":""NO""},{""type"":""character varying"",""column"":""type"",""default"":""'sequence'::character varying"",""nullable"":""YES""},{""type"":""character varying"",""column"":""status"",""default"":""'draft'::character varying"",""nullable"":""YES""},{""type"":""jsonb"",""column"":""segment_filter"",""default"":null,""nullable"":""YES""},{""type"":""jsonb"",""column"":""schedule"",""default"":null,""nullable"":""YES""},{""type"":""jsonb"",""column"":""metrics"",""default"":""'{\""sent\"": 0, \""opened\"": 0, \""bounced\"": 0, \""clicked\"": 0, \""replied\"": 0}'::jsonb"",""nullable"":""YES""},{""type"":""timestamp without time zone"",""column"":""created_at"",""default"":""now()"",""nullable"":""YES""},{""type"":""timestamp without time zone"",""column"":""updated_at"",""default"":""now()"",""nullable"":""YES""}]","[{""type"":""FOREIGN KEY"",""constraint"":""campaigns_account_id_fkey""},{""type"":""FOREIGN KEY"",""constraint"":""campaigns_created_by_user_id_fkey""},{""type"":""PRIMARY KEY"",""constraint"":""campaigns_pkey""},{""type"":""CHECK"",""constraint"":""2200_17740_1_not_null""},{""type"":""CHECK"",""constraint"":""2200_17740_2_not_null""},{""type"":""CHECK"",""constraint"":""2200_17740_4_not_null""}]","[{""def"":""CREATE UNIQUE INDEX campaigns_pkey ON public.campaigns USING btree (id)"",""index"":""campaigns_pkey""},{""def"":""CREATE INDEX idx_campaigns_account ON public.campaigns USING btree (account_id)"",""index"":""idx_campaigns_account""},{""def"":""CREATE INDEX idx_campaigns_account_id ON public.campaigns USING btree (account_id)"",""index"":""idx_campaigns_account_id""},{""def"":""CREATE INDEX idx_campaigns_status ON public.campaigns USING btree (account_id, status)"",""index"":""idx_campaigns_status""}]","[{""cmd"":""ALL"",""roles"":[""authenticated""],""policy"":""manage_account_data_non_recursive""},{""cmd"":""SELECT"",""roles"":[""authenticated""],""policy"":""view_account_data_non_recursive""}]"
category_aspects_cache,"[{""type"":""text"",""column"":""category_id"",""default"":null,""nullable"":""NO""},{""type"":""text"",""column"":""category_name"",""default"":null,""nullable"":""YES""},{""type"":""jsonb"",""column"":""aspects"",""default"":""'[]'::jsonb"",""nullable"":""NO""},{""type"":""timestamp with time zone"",""column"":""fetched_at"",""default"":""now()"",""nullable"":""NO""},{""type"":""timestamp with time zone"",""column"":""expires_at"",""default"":""(now() + '7 days'::interval)"",""nullable"":""NO""},{""type"":""timestamp with time zone"",""column"":""created_at"",""default"":""now()"",""nullable"":""NO""},{""type"":""timestamp with time zone"",""column"":""updated_at"",""default"":""now()"",""nullable"":""NO""},{""type"":""text"",""column"":""marketplace_id"",""default"":""'EBAY_US'::text"",""nullable"":""NO""},{""type"":""text"",""column"":""category_tree_id"",""default"":""'0'::text"",""nullable"":""NO""}]","[{""type"":""PRIMARY KEY"",""constraint"":""category_aspects_cache_pkey""},{""type"":""CHECK"",""constraint"":""2200_100512_1_not_null""},{""type"":""CHECK"",""constraint"":""2200_100512_3_not_null""},{""type"":""CHECK"",""constraint"":""2200_100512_4_not_null""},{""type"":""CHECK"",""constraint"":""2200_100512_5_not_null""},{""type"":""CHECK"",""constraint"":""2200_100512_6_not_null""},{""type"":""CHECK"",""constraint"":""2200_100512_7_not_null""},{""type"":""CHECK"",""constraint"":""2200_100512_8_not_null""},{""type"":""CHECK"",""constraint"":""2200_100512_9_not_null""}]","[{""def"":""CREATE UNIQUE INDEX category_aspects_cache_pkey ON public.category_aspects_cache USING btree (category_id, marketplace_id, category_tree_id)"",""index"":""category_aspects_cache_pkey""},{""def"":""CREATE INDEX idx_category_aspects_cache_expires ON public.category_aspects_cache USING btree (expires_at)"",""index"":""idx_category_aspects_cache_expires""}]","[{""cmd"":""ALL"",""roles"":[""public""],""policy"":""Service role full access on category_aspects_cache""}]"
category_hygiene_log,"[{""type"":""bigint"",""column"":""id"",""default"":""nextval('category_hygiene_log_id_seq'::regclass)"",""nullable"":""NO""},{""type"":""timestamp with time zone"",""column"":""run_at"",""default"":""now()"",""nullable"":""NO""},{""type"":""text"",""column"":""status"",""default"":null,""nullable"":""NO""},{""type"":""jsonb"",""column"":""results"",""default"":null,""nullable"":""YES""},{""type"":""text"",""column"":""error"",""default"":null,""nullable"":""YES""}]","[{""type"":""PRIMARY KEY"",""constraint"":""category_hygiene_log_pkey""},{""type"":""CHECK"",""constraint"":""2200_100705_1_not_null""},{""type"":""CHECK"",""constraint"":""2200_100705_2_not_null""},{""type"":""CHECK"",""constraint"":""2200_100705_3_not_null""}]","[{""def"":""CREATE UNIQUE INDEX category_hygiene_log_pkey ON public.category_hygiene_log USING btree (id)"",""index"":""category_hygiene_log_pkey""}]","[{""cmd"":""ALL"",""roles"":[""public""],""policy"":""Service role full access on category_hygiene_log""}]"
category_mappings,"[{""type"":""uuid"",""column"":""id"",""default"":""gen_random_uuid()"",""nullable"":""NO""},{""type"":""text"",""column"":""coin_type"",""default"":null,""nullable"":""NO""},{""type"":""text"",""column"":""ebay_category_id"",""default"":null,""nullable"":""NO""},{""type"":""text"",""column"":""category_name"",""default"":null,""nullable"":""YES""},{""type"":""timestamp with time zone"",""column"":""verified_at"",""default"":""now()"",""nullable"":""YES""},{""type"":""text"",""column"":""verification_source"",""default"":""'ai_search'::text"",""nullable"":""YES""},{""type"":""smallint"",""column"":""confidence"",""default"":""100"",""nullable"":""YES""},{""type"":""timestamp with time zone"",""column"":""created_at"",""default"":""now()"",""nullable"":""YES""},{""type"":""timestamp with time zone"",""column"":""updated_at"",""default"":""now()"",""nullable"":""YES""},{""type"":""text"",""column"":""item_type"",""default"":null,""nullable"":""YES""},{""type"":""text"",""column"":""breadcrumb"",""default"":null,""nullable"":""YES""},{""type"":""text"",""column"":""status"",""default"":""'quarantine'::text"",""nullable"":""NO""},{""type"":""text"",""column"":""item_type_normalized"",""default"":null,""nullable"":""YES""},{""type"":""numeric"",""column"":""effective_score"",""default"":""0"",""nullable"":""YES""},{""type"":""timestamp with time zone"",""column"":""last_publish_success"",""default"":null,""nullable"":""YES""},{""type"":""integer"",""column"":""publish_success_count"",""default"":""0"",""nullable"":""YES""},{""type"":""integer"",""column"":""publish_failure_count"",""default"":""0"",""nullable"":""YES""}]","[{""type"":""UNIQUE"",""constraint"":""category_mappings_coin_type_key""},{""type"":""PRIMARY KEY"",""constraint"":""category_mappings_pkey""},{""type"":""CHECK"",""constraint"":""category_mappings_status_check""},{""type"":""CHECK"",""constraint"":""2200_89046_1_not_null""},{""type"":""CHECK"",""constraint"":""2200_89046_2_not_null""},{""type"":""CHECK"",""constraint"":""2200_89046_3_not_null""},{""type"":""CHECK"",""constraint"":""2200_89046_12_not_null""}]","[{""def"":""CREATE UNIQUE INDEX category_mappings_coin_type_key ON public.category_mappings USING btree (coin_type)"",""index"":""category_mappings_coin_type_key""},{""def"":""CREATE UNIQUE INDEX category_mappings_pkey ON public.category_mappings USING btree (id)"",""index"":""category_mappings_pkey""},{""def"":""CREATE INDEX idx_category_mappings_coin_type ON public.category_mappings USING btree (coin_type)"",""index"":""idx_category_mappings_coin_type""},{""def"":""CREATE INDEX idx_category_mappings_effective_score ON public.category_mappings USING btree (effective_score DESC) WHERE (status = 'approved'::text)"",""index"":""idx_category_mappings_effective_score""},{""def"":""CREATE UNIQUE INDEX idx_category_mappings_item_type ON public.category_mappings USING btree (item_type) WHERE (item_type IS NOT NULL)"",""index"":""idx_category_mappings_item_type""},{""def"":""CREATE INDEX idx_category_mappings_item_type_trgm ON public.category_mappings USING gin (item_type gin_trgm_ops) WHERE (item_type IS NOT NULL)"",""index"":""idx_category_mappings_item_type_trgm""},{""def"":""CREATE UNIQUE INDEX idx_category_mappings_normalized_unique ON public.category_mappings USING btree (item_type_normalized) WHERE ((item_type_normalized IS NOT NULL) AND (status = 'approved'::text))"",""index"":""idx_category_mappings_normalized_unique""},{""def"":""CREATE INDEX idx_category_mappings_status ON public.category_mappings USING btree (status) WHERE (status = 'approved'::text)"",""index"":""idx_category_mappings_status""}]","[{""cmd"":""ALL"",""roles"":[""service_role""],""policy"":""Only service role can manage category mappings""},{""cmd"":""SELECT"",""roles"":[""authenticated""],""policy"":""Users can view category mappings""}]"
client_domain_change_requests,"[{""type"":""uuid"",""column"":""id"",""default"":""gen_random_uuid()"",""nullable"":""NO""},{""type"":""uuid"",""column"":""tenant_id"",""default"":null,""nullable"":""NO""},{""type"":""text"",""column"":""review_token_hash"",""default"":null,""nullable"":""NO""},{""type"":""text"",""column"":""requested_domain"",""default"":null,""nullable"":""NO""},{""type"":""text"",""column"":""request_note"",""default"":null,""nullable"":""YES""},{""type"":""text"",""column"":""status"",""default"":""'pending'::text"",""nullable"":""NO""},{""type"":""text"",""column"":""admin_response"",""default"":null,""nullable"":""YES""},{""type"":""text"",""column"":""actioned_by"",""default"":null,""nullable"":""YES""},{""type"":""timestamp with time zone"",""column"":""actioned_at"",""default"":null,""nullable"":""YES""},{""type"":""timestamp with time zone"",""column"":""created_at"",""default"":""now()"",""nullable"":""NO""},{""type"":""timestamp with time zone"",""column"":""updated_at"",""default"":""now()"",""nullable"":""NO""}]","[{""type"":""PRIMARY KEY"",""constraint"":""client_domain_change_requests_pkey""},{""type"":""CHECK"",""constraint"":""client_domain_change_requests_status_check""},{""type"":""FOREIGN KEY"",""constraint"":""client_domain_change_requests_tenant_id_fkey""},{""type"":""CHECK"",""constraint"":""2200_114067_1_not_null""},{""type"":""CHECK"",""constraint"":""2200_114067_2_not_null""},{""type"":""CHECK"",""constraint"":""2200_114067_3_not_null""},{""type"":""CHECK"",""constraint"":""2200_114067_4_not_null""},{""type"":""CHECK"",""constraint"":""2200_114067_6_not_null""},{""type"":""CHECK"",""constraint"":""2200_114067_10_not_null""},{""type"":""CHECK"",""constraint"":""2200_114067_11_not_null""}]","[{""def"":""CREATE UNIQUE INDEX client_domain_change_requests_pkey ON public.client_domain_change_requests USING btree (id)"",""index"":""client_domain_change_requests_pkey""},{""def"":""CREATE INDEX idx_client_domain_change_requests_status ON public.client_domain_change_requests USING btree (status) WHERE (status = 'pending'::text)"",""index"":""idx_client_domain_change_requests_status""},{""def"":""CREATE INDEX idx_client_domain_change_requests_tenant_id ON public.client_domain_change_requests USING btree (tenant_id)"",""index"":""idx_client_domain_change_requests_tenant_id""}]","[{""cmd"":""ALL"",""roles"":[""service_role""],""policy"":""service_role_full_access_cdcr""}]"
client_uploaded_assets,"[{""type"":""uuid"",""column"":""id"",""default"":""gen_random_uuid()"",""nullable"":""NO""},{""type"":""uuid"",""column"":""tenant_id"",""default"":null,""nullable"":""NO""},{""type"":""text"",""column"":""storage_path"",""default"":null,""nullable"":""NO""},{""type"":""text"",""column"":""cdn_url"",""default"":null,""nullable"":""NO""},{""type"":""text"",""column"":""original_filename"",""default"":null,""nullable"":""YES""},{""type"":""text"",""column"":""mime_type"",""default"":null,""nullable"":""YES""},{""type"":""integer"",""column"":""file_size_bytes"",""default"":null,""nullable"":""YES""},{""type"":""integer"",""column"":""variant_index"",""default"":null,""nullable"":""YES""},{""type"":""text"",""column"":""asset_slot"",""default"":null,""nullable"":""YES""},{""type"":""text"",""column"":""review_token_hash"",""default"":null,""nullable"":""YES""},{""type"":""timestamp with time zone"",""column"":""created_at"",""default"":""now()"",""nullable"":""NO""}]","[{""type"":""PRIMARY KEY"",""constraint"":""client_uploaded_assets_pkey""},{""type"":""FOREIGN KEY"",""constraint"":""client_uploaded_assets_tenant_id_fkey""},{""type"":""CHECK"",""constraint"":""client_uploaded_assets_variant_index_check""},{""type"":""CHECK"",""constraint"":""2200_114041_1_not_null""},{""type"":""CHECK"",""constraint"":""2200_114041_2_not_null""},{""type"":""CHECK"",""constraint"":""2200_114041_3_not_null""},{""type"":""CHECK"",""constraint"":""2200_114041_4_not_null""},{""type"":""CHECK"",""constraint"":""2200_114041_11_not_null""}]","[{""def"":""CREATE UNIQUE INDEX client_uploaded_assets_pkey ON public.client_uploaded_assets USING btree (id)"",""index"":""client_uploaded_assets_pkey""},{""def"":""CREATE INDEX idx_client_uploaded_assets_tenant ON public.client_uploaded_assets USING btree (tenant_id, created_at DESC)"",""index"":""idx_client_uploaded_assets_tenant""}]","[{""cmd"":""ALL"",""roles"":[""authenticated""],""policy"":""client_uploaded_assets_admin_all""}]"
client_variant_edit_events,"[{""type"":""uuid"",""column"":""id"",""default"":""gen_random_uuid()"",""nullable"":""NO""},{""type"":""uuid"",""column"":""tenant_id"",""default"":null,""nullable"":""NO""},{""type"":""integer"",""column"":""variant_index"",""default"":null,""nullable"":""NO""},{""type"":""text"",""column"":""field_path"",""default"":null,""nullable"":""NO""},{""type"":""text"",""column"":""old_value"",""default"":null,""nullable"":""YES""},{""type"":""text"",""column"":""new_value"",""default"":null,""nullable"":""YES""},{""type"":""text"",""column"":""edit_type"",""default"":""'text_edit'::text"",""nullable"":""NO""},{""type"":""text"",""column"":""source"",""default"":""'client_editor'::text"",""nullable"":""NO""},{""type"":""text"",""column"":""review_token_hash"",""default"":null,""nullable"":""YES""},{""type"":""text"",""column"":""ai_intent"",""default"":null,""nullable"":""YES""},{""type"":""timestamp with time zone"",""column"":""created_at"",""default"":""now()"",""nullable"":""NO""}]","[{""type"":""CHECK"",""constraint"":""client_variant_edit_events_edit_type_check""},{""type"":""PRIMARY KEY"",""constraint"":""client_variant_edit_events_pkey""},{""type"":""CHECK"",""constraint"":""client_variant_edit_events_source_check""},{""type"":""FOREIGN KEY"",""constraint"":""client_variant_edit_events_tenant_id_fkey""},{""type"":""CHECK"",""constraint"":""client_variant_edit_events_variant_index_check""},{""type"":""CHECK"",""constraint"":""2200_114020_1_not_null""},{""type"":""CHECK"",""constraint"":""2200_114020_2_not_null""},{""type"":""CHECK"",""constraint"":""2200_114020_3_not_null""},{""type"":""CHECK"",""constraint"":""2200_114020_4_not_null""},{""type"":""CHECK"",""constraint"":""2200_114020_7_not_null""},{""type"":""CHECK"",""constraint"":""2200_114020_8_not_null""},{""type"":""CHECK"",""constraint"":""2200_114020_11_not_null""}]","[{""def"":""CREATE UNIQUE INDEX client_variant_edit_events_pkey ON public.client_variant_edit_events USING btree (id)"",""index"":""client_variant_edit_events_pkey""},{""def"":""CREATE INDEX idx_client_variant_edit_events_tenant ON public.client_variant_edit_events USING btree (tenant_id, created_at DESC)"",""index"":""idx_client_variant_edit_events_tenant""},{""def"":""CREATE INDEX idx_client_variant_edit_events_variant ON public.client_variant_edit_events USING btree (tenant_id, variant_index, created_at DESC)"",""index"":""idx_client_variant_edit_events_variant""}]","[{""cmd"":""ALL"",""roles"":[""authenticated""],""policy"":""client_variant_edit_events_admin_all""}]"
commission_events,"[{""type"":""uuid"",""column"":""id"",""default"":""gen_random_uuid()"",""nullable"":""NO""},{""type"":""uuid"",""column"":""account_id"",""default"":null,""nullable"":""NO""},{""type"":""uuid"",""column"":""deal_id"",""default"":null,""nullable"":""NO""},{""type"":""uuid"",""column"":""user_id"",""default"":null,""nullable"":""NO""},{""type"":""character varying"",""column"":""event_type"",""default"":null,""nullable"":""NO""},{""type"":""numeric"",""column"":""amount_base"",""default"":null,""nullable"":""NO""},{""type"":""numeric"",""column"":""amount_commission"",""default"":null,""nullable"":""NO""},{""type"":""jsonb"",""column"":""rule_snapshot"",""default"":null,""nullable"":""YES""},{""type"":""timestamp without time zone"",""column"":""occurred_at"",""default"":""now()"",""nullable"":""YES""},{""type"":""character varying"",""column"":""period_month"",""default"":null,""nullable"":""YES""},{""type"":""jsonb"",""column"":""metadata"",""default"":""'{}'::jsonb"",""nullable"":""YES""}]","[{""type"":""FOREIGN KEY"",""constraint"":""commission_events_account_id_fkey""},{""type"":""FOREIGN KEY"",""constraint"":""commission_events_deal_id_fkey""},{""type"":""PRIMARY KEY"",""constraint"":""commission_events_pkey""},{""type"":""FOREIGN KEY"",""constraint"":""commission_events_user_id_fkey""},{""type"":""CHECK"",""constraint"":""2200_18010_1_not_null""},{""type"":""CHECK"",""constraint"":""2200_18010_2_not_null""},{""type"":""CHECK"",""constraint"":""2200_18010_3_not_null""},{""type"":""CHECK"",""constraint"":""2200_18010_4_not_null""},{""type"":""CHECK"",""constraint"":""2200_18010_5_not_null""},{""type"":""CHECK"",""constraint"":""2200_18010_6_not_null""},{""type"":""CHECK"",""constraint"":""2200_18010_7_not_null""}]","[{""def"":""CREATE UNIQUE INDEX commission_events_pkey ON public.commission_events USING btree (id)"",""index"":""commission_events_pkey""},{""def"":""CREATE INDEX idx_commission_events_account ON public.commission_events USING btree (account_id)"",""index"":""idx_commission_events_account""},{""def"":""CREATE INDEX idx_commission_events_deal ON public.commission_events USING btree (deal_id)"",""index"":""idx_commission_events_deal""},{""def"":""CREATE INDEX idx_commission_events_period ON public.commission_events USING btree (period_month)"",""index"":""idx_commission_events_period""},{""def"":""CREATE INDEX idx_commission_events_user ON public.commission_events USING btree (user_id)"",""index"":""idx_commission_events_user""}]","[{""cmd"":""ALL"",""roles"":[""authenticated""],""policy"":""manage_account_data_non_recursive""},{""cmd"":""SELECT"",""roles"":[""authenticated""],""policy"":""view_account_data_non_recursive""}]"
commission_payouts,"[{""type"":""uuid"",""column"":""id"",""default"":""gen_random_uuid()"",""nullable"":""NO""},{""type"":""uuid"",""column"":""account_id"",""default"":null,""nullable"":""NO""},{""type"":""uuid"",""column"":""user_id"",""default"":null,""nullable"":""NO""},{""type"":""character varying"",""column"":""period_month"",""default"":null,""nullable"":""YES""},{""type"":""numeric"",""column"":""amount"",""default"":null,""nullable"":""NO""},{""type"":""character varying"",""column"":""status"",""default"":""'pending'::character varying"",""nullable"":""YES""},{""type"":""timestamp without time zone"",""column"":""created_at"",""default"":""now()"",""nullable"":""YES""},{""type"":""timestamp without time zone"",""column"":""paid_at"",""default"":null,""nullable"":""YES""}]","[{""type"":""FOREIGN KEY"",""constraint"":""commission_payouts_account_id_fkey""},{""type"":""PRIMARY KEY"",""constraint"":""commission_payouts_pkey""},{""type"":""FOREIGN KEY"",""constraint"":""commission_payouts_user_id_fkey""},{""type"":""CHECK"",""constraint"":""2200_18039_1_not_null""},{""type"":""CHECK"",""constraint"":""2200_18039_2_not_null""},{""type"":""CHECK"",""constraint"":""2200_18039_3_not_null""},{""type"":""CHECK"",""constraint"":""2200_18039_5_not_null""}]","[{""def"":""CREATE UNIQUE INDEX commission_payouts_pkey ON public.commission_payouts USING btree (id)"",""index"":""commission_payouts_pkey""},{""def"":""CREATE INDEX idx_commission_payouts_account ON public.commission_payouts USING btree (account_id)"",""index"":""idx_commission_payouts_account""},{""def"":""CREATE INDEX idx_commission_payouts_period ON public.commission_payouts USING btree (period_month)"",""index"":""idx_commission_payouts_period""},{""def"":""CREATE INDEX idx_commission_payouts_user ON public.commission_payouts USING btree (user_id)"",""index"":""idx_commission_payouts_user""}]","[{""cmd"":""ALL"",""roles"":[""authenticated""],""policy"":""manage_account_data_non_recursive""},{""cmd"":""SELECT"",""roles"":[""authenticated""],""policy"":""view_account_data_non_recursive""}]"
commission_rates,"[{""type"":""uuid"",""column"":""id"",""default"":""gen_random_uuid()"",""nullable"":""NO""},{""type"":""uuid"",""column"":""account_id"",""default"":null,""nullable"":""NO""},{""type"":""uuid"",""column"":""user_id"",""default"":null,""nullable"":""NO""},{""type"":""numeric"",""column"":""rate"",""default"":""0.00"",""nullable"":""NO""},{""type"":""date"",""column"":""effective_from"",""default"":""CURRENT_DATE"",""nullable"":""NO""},{""type"":""date"",""column"":""effective_to"",""default"":null,""nullable"":""YES""},{""type"":""boolean"",""column"":""is_active"",""default"":""true"",""nullable"":""NO""},{""type"":""text"",""column"":""notes"",""default"":null,""nullable"":""YES""},{""type"":""timestamp with time zone"",""column"":""created_at"",""default"":""now()"",""nullable"":""NO""},{""type"":""timestamp with time zone"",""column"":""updated_at"",""default"":""now()"",""nullable"":""NO""}]","[{""type"":""FOREIGN KEY"",""constraint"":""commission_rates_account_id_fkey""},{""type"":""PRIMARY KEY"",""constraint"":""commission_rates_pkey""},{""type"":""CHECK"",""constraint"":""commission_rates_rate_check""},{""type"":""FOREIGN KEY"",""constraint"":""commission_rates_user_id_fkey""},{""type"":""CHECK"",""constraint"":""valid_date_range""},{""type"":""CHECK"",""constraint"":""2200_54782_1_not_null""},{""type"":""CHECK"",""constraint"":""2200_54782_2_not_null""},{""type"":""CHECK"",""constraint"":""2200_54782_3_not_null""},{""type"":""CHECK"",""constraint"":""2200_54782_4_not_null""},{""type"":""CHECK"",""constraint"":""2200_54782_5_not_null""},{""type"":""CHECK"",""constraint"":""2200_54782_7_not_null""},{""type"":""CHECK"",""constraint"":""2200_54782_9_not_null""},{""type"":""CHECK"",""constraint"":""2200_54782_10_not_null""}]","[{""def"":""CREATE UNIQUE INDEX commission_rates_pkey ON public.commission_rates USING btree (id)"",""index"":""commission_rates_pkey""},{""def"":""CREATE INDEX idx_commission_rates_account_id ON public.commission_rates USING btree (account_id)"",""index"":""idx_commission_rates_account_id""},{""def"":""CREATE INDEX idx_commission_rates_active ON public.commission_rates USING btree (is_active) WHERE (is_active = true)"",""index"":""idx_commission_rates_active""},{""def"":""CREATE INDEX idx_commission_rates_user_id ON public.commission_rates USING btree (user_id)"",""index"":""idx_commission_rates_user_id""}]","[{""cmd"":""ALL"",""roles"":[""authenticated""],""policy"":""Users can manage account commission rates""},{""cmd"":""SELECT"",""roles"":[""authenticated""],""policy"":""Users can view account commission rates""}]"
commission_schemes,"[{""type"":""uuid"",""column"":""id"",""default"":""gen_random_uuid()"",""nullable"":""NO""},{""type"":""uuid"",""column"":""account_id"",""default"":null,""nullable"":""NO""},{""type"":""character varying"",""column"":""name"",""default"":null,""nullable"":""NO""},{""type"":""boolean"",""column"":""active"",""default"":""true"",""nullable"":""YES""},{""type"":""jsonb"",""column"":""rules"",""default"":null,""nullable"":""NO""},{""type"":""timestamp without time zone"",""column"":""created_at"",""default"":""now()"",""nullable"":""YES""},{""type"":""timestamp without time zone"",""column"":""updated_at"",""default"":""now()"",""nullable"":""YES""}]","[{""type"":""FOREIGN KEY"",""constraint"":""commission_schemes_account_id_fkey""},{""type"":""PRIMARY KEY"",""constraint"":""commission_schemes_pkey""},{""type"":""CHECK"",""constraint"":""2200_17993_1_not_null""},{""type"":""CHECK"",""constraint"":""2200_17993_2_not_null""},{""type"":""CHECK"",""constraint"":""2200_17993_3_not_null""},{""type"":""CHECK"",""constraint"":""2200_17993_5_not_null""}]","[{""def"":""CREATE UNIQUE INDEX commission_schemes_pkey ON public.commission_schemes USING btree (id)"",""index"":""commission_schemes_pkey""},{""def"":""CREATE INDEX idx_commission_schemes_account ON public.commission_schemes USING btree (account_id)"",""index"":""idx_commission_schemes_account""}]","[{""cmd"":""ALL"",""roles"":[""authenticated""],""policy"":""manage_account_data_non_recursive""},{""cmd"":""SELECT"",""roles"":[""authenticated""],""policy"":""view_account_data_non_recursive""}]"
commissions,"[{""type"":""uuid"",""column"":""id"",""default"":""gen_random_uuid()"",""nullable"":""NO""},{""type"":""uuid"",""column"":""account_id"",""default"":null,""nullable"":""NO""},{""type"":""uuid"",""column"":""deal_id"",""default"":null,""nullable"":""NO""},{""type"":""uuid"",""column"":""user_id"",""default"":null,""nullable"":""NO""},{""type"":""numeric"",""column"":""amount"",""default"":""0.00"",""nullable"":""NO""},{""type"":""numeric"",""column"":""rate"",""default"":""0.00"",""nullable"":""NO""},{""type"":""numeric"",""column"":""deal_value"",""default"":""0.00"",""nullable"":""NO""},{""type"":""character varying"",""column"":""status"",""default"":""'pending'::character varying"",""nullable"":""NO""},{""type"":""timestamp with time zone"",""column"":""paid_at"",""default"":null,""nullable"":""YES""},{""type"":""text"",""column"":""notes"",""default"":null,""nullable"":""YES""},{""type"":""timestamp with time zone"",""column"":""created_at"",""default"":""now()"",""nullable"":""NO""},{""type"":""timestamp with time zone"",""column"":""updated_at"",""default"":""now()"",""nullable"":""NO""}]","[{""type"":""FOREIGN KEY"",""constraint"":""commissions_account_id_fkey""},{""type"":""FOREIGN KEY"",""constraint"":""commissions_deal_id_fkey""},{""type"":""PRIMARY KEY"",""constraint"":""commissions_pkey""},{""type"":""CHECK"",""constraint"":""commissions_status_check""},{""type"":""FOREIGN KEY"",""constraint"":""commissions_user_id_fkey""},{""type"":""CHECK"",""constraint"":""2200_54807_1_not_null""},{""type"":""CHECK"",""constraint"":""2200_54807_2_not_null""},{""type"":""CHECK"",""constraint"":""2200_54807_3_not_null""},{""type"":""CHECK"",""constraint"":""2200_54807_4_not_null""},{""type"":""CHECK"",""constraint"":""2200_54807_5_not_null""},{""type"":""CHECK"",""constraint"":""2200_54807_6_not_null""},{""type"":""CHECK"",""constraint"":""2200_54807_7_not_null""},{""type"":""CHECK"",""constraint"":""2200_54807_8_not_null""},{""type"":""CHECK"",""constraint"":""2200_54807_11_not_null""},{""type"":""CHECK"",""constraint"":""2200_54807_12_not_null""}]","[{""def"":""CREATE UNIQUE INDEX commissions_pkey ON public.commissions USING btree (id)"",""index"":""commissions_pkey""},{""def"":""CREATE INDEX idx_commissions_account_id ON public.commissions USING btree (account_id)"",""index"":""idx_commissions_account_id""},{""def"":""CREATE INDEX idx_commissions_created_at ON public.commissions USING btree (created_at)"",""index"":""idx_commissions_created_at""},{""def"":""CREATE INDEX idx_commissions_deal_id ON public.commissions USING btree (deal_id)"",""index"":""idx_commissions_deal_id""},{""def"":""CREATE INDEX idx_commissions_status ON public.commissions USING btree (status)"",""index"":""idx_commissions_status""},{""def"":""CREATE INDEX idx_commissions_user_id ON public.commissions USING btree (user_id)"",""index"":""idx_commissions_user_id""}]","[{""cmd"":""ALL"",""roles"":[""authenticated""],""policy"":""Users can manage account commissions""},{""cmd"":""SELECT"",""roles"":[""authenticated""],""policy"":""Users can view account commissions""}]"
companies,"[{""type"":""uuid"",""column"":""id"",""default"":""gen_random_uuid()"",""nullable"":""NO""},{""type"":""uuid"",""column"":""account_id"",""default"":null,""nullable"":""NO""},{""type"":""uuid"",""column"":""owner_user_id"",""default"":null,""nullable"":""YES""},{""type"":""character varying"",""column"":""name"",""default"":null,""nullable"":""NO""},{""type"":""character varying"",""column"":""domain"",""default"":null,""nullable"":""YES""},{""type"":""character varying"",""column"":""industry"",""default"":null,""nullable"":""YES""},{""type"":""character varying"",""column"":""size"",""default"":null,""nullable"":""YES""},{""type"":""character varying"",""column"":""revenue"",""default"":null,""nullable"":""YES""},{""type"":""text"",""column"":""address"",""default"":null,""nullable"":""YES""},{""type"":""character varying"",""column"":""city"",""default"":null,""nullable"":""YES""},{""type"":""character varying"",""column"":""state"",""default"":null,""nullable"":""YES""},{""type"":""character varying"",""column"":""zip"",""default"":null,""nullable"":""YES""},{""type"":""character varying"",""column"":""country"",""default"":""'US'::character varying"",""nullable"":""YES""},{""type"":""ARRAY"",""column"":""tags"",""default"":null,""nullable"":""YES""},{""type"":""jsonb"",""column"":""custom_fields"",""default"":""'{}'::jsonb"",""nullable"":""YES""},{""type"":""timestamp without time zone"",""column"":""created_at"",""default"":""now()"",""nullable"":""YES""},{""type"":""timestamp without time zone"",""column"":""updated_at"",""default"":""now()"",""nullable"":""YES""}]","[{""type"":""FOREIGN KEY"",""constraint"":""companies_account_id_fkey""},{""type"":""FOREIGN KEY"",""constraint"":""companies_owner_user_id_fkey""},{""type"":""PRIMARY KEY"",""constraint"":""companies_pkey""},{""type"":""CHECK"",""constraint"":""2200_17526_1_not_null""},{""type"":""CHECK"",""constraint"":""2200_17526_2_not_null""},{""type"":""CHECK"",""constraint"":""2200_17526_4_not_null""}]","[{""def"":""CREATE UNIQUE INDEX companies_pkey ON public.companies USING btree (id)"",""index"":""companies_pkey""},{""def"":""CREATE INDEX idx_companies_account_id ON public.companies USING btree (account_id)"",""index"":""idx_companies_account_id""},{""def"":""CREATE INDEX idx_companies_domain ON public.companies USING btree (account_id, domain)"",""index"":""idx_companies_domain""},{""def"":""CREATE INDEX idx_companies_owner ON public.companies USING btree (owner_user_id)"",""index"":""idx_companies_owner""}]","[{""cmd"":""ALL"",""roles"":[""authenticated""],""policy"":""Users can manage account data""},{""cmd"":""SELECT"",""roles"":[""authenticated""],""policy"":""Users can view account data""},{""cmd"":""ALL"",""roles"":[""authenticated""],""policy"":""manage_account_data_non_recursive""},{""cmd"":""SELECT"",""roles"":[""authenticated""],""policy"":""view_account_data_non_recursive""}]"
competitor_prices,"[{""type"":""uuid"",""column"":""id"",""default"":""gen_random_uuid()"",""nullable"":""NO""},{""type"":""uuid"",""column"":""user_id"",""default"":null,""nullable"":""NO""},{""type"":""text"",""column"":""ebay_listing_id"",""default"":null,""nullable"":""NO""},{""type"":""text"",""column"":""search_query"",""default"":null,""nullable"":""NO""},{""type"":""numeric"",""column"":""avg_price"",""default"":null,""nullable"":""YES""},{""type"":""numeric"",""column"":""min_price"",""default"":null,""nullable"":""YES""},{""type"":""numeric"",""column"":""max_price"",""default"":null,""nullable"":""YES""},{""type"":""numeric"",""column"":""median_price"",""default"":null,""nullable"":""YES""},{""type"":""numeric"",""column"":""price_delta"",""default"":null,""nullable"":""YES""},{""type"":""numeric"",""column"":""your_price"",""default"":null,""nullable"":""YES""},{""type"":""integer"",""column"":""competitor_count"",""default"":""0"",""nullable"":""YES""},{""type"":""jsonb"",""column"":""price_distribution"",""default"":null,""nullable"":""YES""},{""type"":""timestamp with time zone"",""column"":""fetched_at"",""default"":""now()"",""nullable"":""NO""},{""type"":""timestamp with time zone"",""column"":""expires_at"",""default"":""(now() + '08:00:00'::interval)"",""nullable"":""NO""},{""type"":""text"",""column"":""gemini_search_query"",""default"":null,""nullable"":""YES""},{""type"":""ARRAY"",""column"":""comp_item_ids"",""default"":null,""nullable"":""YES""},{""type"":""text"",""column"":""product_signature"",""default"":null,""nullable"":""YES""}]","[{""type"":""PRIMARY KEY"",""constraint"":""competitor_prices_pkey""},{""type"":""FOREIGN KEY"",""constraint"":""competitor_prices_user_id_fkey""},{""type"":""UNIQUE"",""constraint"":""uq_competitor_prices_user_listing""},{""type"":""CHECK"",""constraint"":""2200_85637_1_not_null""},{""type"":""CHECK"",""constraint"":""2200_85637_2_not_null""},{""type"":""CHECK"",""constraint"":""2200_85637_3_not_null""},{""type"":""CHECK"",""constraint"":""2200_85637_4_not_null""},{""type"":""CHECK"",""constraint"":""2200_85637_13_not_null""},{""type"":""CHECK"",""constraint"":""2200_85637_14_not_null""}]","[{""def"":""CREATE UNIQUE INDEX competitor_prices_pkey ON public.competitor_prices USING btree (id)"",""index"":""competitor_prices_pkey""},{""def"":""CREATE UNIQUE INDEX uq_competitor_prices_user_listing ON public.competitor_prices USING btree (user_id, ebay_listing_id)"",""index"":""uq_competitor_prices_user_listing""},{""def"":""CREATE INDEX idx_competitor_prices_expires ON public.competitor_prices USING btree (expires_at)"",""index"":""idx_competitor_prices_expires""},{""def"":""CREATE INDEX idx_competitor_prices_user_fetched ON public.competitor_prices USING btree (user_id, fetched_at DESC)"",""index"":""idx_competitor_prices_user_fetched""},{""def"":""CREATE INDEX idx_competitor_prices_user_listing ON public.competitor_prices USING btree (user_id, ebay_listing_id, fetched_at DESC)"",""index"":""idx_competitor_prices_user_listing""},{""def"":""CREATE INDEX idx_competitor_prices_user_signature ON public.competitor_prices USING btree (user_id, product_signature) WHERE (product_signature IS NOT NULL)"",""index"":""idx_competitor_prices_user_signature""}]","[{""cmd"":""ALL"",""roles"":[""public""],""policy"":""Service role can manage competitor prices""},{""cmd"":""SELECT"",""roles"":[""public""],""policy"":""Users can read own competitor prices""}]"
contacts,"[{""type"":""uuid"",""column"":""id"",""default"":""gen_random_uuid()"",""nullable"":""NO""},{""type"":""uuid"",""column"":""account_id"",""default"":null,""nullable"":""NO""},{""type"":""uuid"",""column"":""company_id"",""default"":null,""nullable"":""YES""},{""type"":""uuid"",""column"":""owner_user_id"",""default"":null,""nullable"":""YES""},{""type"":""character varying"",""column"":""first_name"",""default"":null,""nullable"":""YES""},{""type"":""character varying"",""column"":""last_name"",""default"":null,""nullable"":""YES""},{""type"":""character varying"",""column"":""email"",""default"":null,""nullable"":""YES""},{""type"":""character varying"",""column"":""normalized_email"",""default"":null,""nullable"":""YES""},{""type"":""character varying"",""column"":""phone"",""default"":null,""nullable"":""YES""},{""type"":""character varying"",""column"":""phone_e164"",""default"":null,""nullable"":""YES""},{""type"":""character varying"",""column"":""consent_status"",""default"":""'single_opt_in'::character varying"",""nullable"":""YES""},{""type"":""character varying"",""column"":""consent_source"",""default"":null,""nullable"":""YES""},{""type"":""timestamp without time zone"",""column"":""consent_timestamp"",""default"":null,""nullable"":""YES""},{""type"":""character varying"",""column"":""consent_ip"",""default"":null,""nullable"":""YES""},{""type"":""integer"",""column"":""lead_score"",""default"":""0"",""nullable"":""YES""},{""type"":""jsonb"",""column"":""score_breakdown"",""default"":null,""nullable"":""YES""},{""type"":""timestamp without time zone"",""column"":""lead_score_updated_at"",""default"":null,""nullable"":""YES""},{""type"":""character varying"",""column"":""source"",""default"":null,""nullable"":""YES""},{""type"":""uuid"",""column"":""source_campaign_id"",""default"":null,""nullable"":""YES""},{""type"":""uuid"",""column"":""source_user_id"",""default"":null,""nullable"":""YES""},{""type"":""timestamp without time zone"",""column"":""source_date"",""default"":null,""nullable"":""YES""},{""type"":""ARRAY"",""column"":""tags"",""default"":null,""nullable"":""YES""},{""type"":""jsonb"",""column"":""custom_fields"",""default"":""'{}'::jsonb"",""nullable"":""YES""},{""type"":""timestamp without time zone"",""column"":""last_activity_at"",""default"":null,""nullable"":""YES""},{""type"":""character varying"",""column"":""last_activity_type"",""default"":null,""nullable"":""YES""},{""type"":""timestamp without time zone"",""column"":""created_at"",""default"":""now()"",""nullable"":""YES""},{""type"":""timestamp without time zone"",""column"":""updated_at"",""default"":""now()"",""nullable"":""YES""},{""type"":""timestamp without time zone"",""column"":""deleted_at"",""default"":null,""nullable"":""YES""},{""type"":""integer"",""column"":""ai_conversion_score"",""default"":""0"",""nullable"":""YES""},{""type"":""numeric"",""column"":""ai_conversion_probability"",""default"":null,""nullable"":""YES""},{""type"":""numeric"",""column"":""ai_confidence_score"",""default"":null,""nullable"":""YES""},{""type"":""character varying"",""column"":""ai_lead_segment"",""default"":null,""nullable"":""YES""},{""type"":""jsonb"",""column"":""ai_contributing_factors"",""default"":""'[]'::jsonb"",""nullable"":""YES""},{""type"":""jsonb"",""column"":""ai_recommended_actions"",""default"":""'[]'::jsonb"",""nullable"":""YES""},{""type"":""timestamp with time zone"",""column"":""ai_score_updated_at"",""default"":null,""nullable"":""YES""},{""type"":""character varying"",""column"":""ai_model_version"",""default"":null,""nullable"":""YES""}]","[{""type"":""FOREIGN KEY"",""constraint"":""contacts_account_id_fkey""},{""type"":""FOREIGN KEY"",""constraint"":""contacts_company_id_fkey""},{""type"":""FOREIGN KEY"",""constraint"":""contacts_owner_user_id_fkey""},{""type"":""PRIMARY KEY"",""constraint"":""contacts_pkey""},{""type"":""FOREIGN KEY"",""constraint"":""contacts_source_user_id_fkey""},{""type"":""CHECK"",""constraint"":""2200_17551_1_not_null""},{""type"":""CHECK"",""constraint"":""2200_17551_2_not_null""}]","[{""def"":""CREATE UNIQUE INDEX contacts_pkey ON public.contacts USING btree (id)"",""index"":""contacts_pkey""},{""def"":""CREATE INDEX idx_contacts_account_id ON public.contacts USING btree (account_id)"",""index"":""idx_contacts_account_id""},{""def"":""CREATE INDEX idx_contacts_ai_score ON public.contacts USING btree (ai_conversion_score)"",""index"":""idx_contacts_ai_score""},{""def"":""CREATE INDEX idx_contacts_ai_segment ON public.contacts USING btree (ai_lead_segment)"",""index"":""idx_contacts_ai_segment""},{""def"":""CREATE INDEX idx_contacts_ai_updated ON public.contacts USING btree (ai_score_updated_at)"",""index"":""idx_contacts_ai_updated""},{""def"":""CREATE INDEX idx_contacts_company ON public.contacts USING btree (company_id)"",""index"":""idx_contacts_company""},{""def"":""CREATE INDEX idx_contacts_lead_score ON public.contacts USING btree (account_id, lead_score DESC)"",""index"":""idx_contacts_lead_score""},{""def"":""CREATE INDEX idx_contacts_normalized_email ON public.contacts USING btree (account_id, normalized_email) WHERE (normalized_email IS NOT NULL)"",""index"":""idx_contacts_normalized_email""},{""def"":""CREATE INDEX idx_contacts_owner ON public.contacts USING btree (owner_user_id)"",""index"":""idx_contacts_owner""},{""def"":""CREATE INDEX idx_contacts_phone_e164 ON public.contacts USING btree (account_id, phone_e164) WHERE (phone_e164 IS NOT NULL)"",""index"":""idx_contacts_phone_e164""}]","[{""cmd"":""ALL"",""roles"":[""authenticated""],""policy"":""Users can manage account data""},{""cmd"":""SELECT"",""roles"":[""authenticated""],""policy"":""Users can view account data""},{""cmd"":""ALL"",""roles"":[""authenticated""],""policy"":""manage_account_data_non_recursive""},{""cmd"":""SELECT"",""roles"":[""authenticated""],""policy"":""view_account_data_non_recursive""}]"
cost_alerts,"[{""type"":""uuid"",""column"":""id"",""default"":""gen_random_uuid()"",""nullable"":""NO""},{""type"":""numeric"",""column"":""total_cost"",""default"":null,""nullable"":""NO""},{""type"":""integer"",""column"":""total_requests"",""default"":null,""nullable"":""NO""},{""type"":""numeric"",""column"":""threshold"",""default"":""50"",""nullable"":""NO""},{""type"":""timestamp with time zone"",""column"":""sent_at"",""default"":""now()"",""nullable"":""NO""}]","[{""type"":""PRIMARY KEY"",""constraint"":""cost_alerts_pkey""},{""type"":""CHECK"",""constraint"":""2200_82002_1_not_null""},{""type"":""CHECK"",""constraint"":""2200_82002_2_not_null""},{""type"":""CHECK"",""constraint"":""2200_82002_3_not_null""},{""type"":""CHECK"",""constraint"":""2200_82002_4_not_null""},{""type"":""CHECK"",""constraint"":""2200_82002_5_not_null""}]","[{""def"":""CREATE UNIQUE INDEX cost_alerts_pkey ON public.cost_alerts USING btree (id)"",""index"":""cost_alerts_pkey""}]","[{""cmd"":""ALL"",""roles"":[""public""],""policy"":""deny_all_cost_alerts""}]"
crm_billing_events,"[{""type"":""uuid"",""column"":""id"",""default"":""gen_random_uuid()"",""nullable"":""NO""},{""type"":""text"",""column"":""stripe_event_id"",""default"":null,""nullable"":""NO""},{""type"":""text"",""column"":""stripe_event_type"",""default"":null,""nullable"":""NO""},{""type"":""text"",""column"":""stripe_customer_id"",""default"":null,""nullable"":""YES""},{""type"":""text"",""column"":""stripe_subscription_id"",""default"":null,""nullable"":""YES""},{""type"":""boolean"",""column"":""processed"",""default"":""false"",""nullable"":""NO""},{""type"":""timestamp with time zone"",""column"":""processed_at"",""default"":null,""nullable"":""YES""},{""type"":""text"",""column"":""error_message"",""default"":null,""nullable"":""YES""},{""type"":""jsonb"",""column"":""payload"",""default"":""'{}'::jsonb"",""nullable"":""NO""},{""type"":""timestamp with time zone"",""column"":""created_at"",""default"":""now()"",""nullable"":""NO""}]","[{""type"":""PRIMARY KEY"",""constraint"":""crm_billing_events_pkey""},{""type"":""UNIQUE"",""constraint"":""crm_billing_events_stripe_event_id_key""},{""type"":""CHECK"",""constraint"":""2200_82234_1_not_null""},{""type"":""CHECK"",""constraint"":""2200_82234_2_not_null""},{""type"":""CHECK"",""constraint"":""2200_82234_3_not_null""},{""type"":""CHECK"",""constraint"":""2200_82234_6_not_null""},{""type"":""CHECK"",""constraint"":""2200_82234_9_not_null""},{""type"":""CHECK"",""constraint"":""2200_82234_10_not_null""}]","[{""def"":""CREATE UNIQUE INDEX crm_billing_events_pkey ON public.crm_billing_events USING btree (id)"",""index"":""crm_billing_events_pkey""},{""def"":""CREATE UNIQUE INDEX crm_billing_events_stripe_event_id_key ON public.crm_billing_events USING btree (stripe_event_id)"",""index"":""crm_billing_events_stripe_event_id_key""},{""def"":""CREATE INDEX idx_crm_billing_events_created_at ON public.crm_billing_events USING btree (created_at DESC)"",""index"":""idx_crm_billing_events_created_at""},{""def"":""CREATE INDEX idx_crm_billing_events_processed ON public.crm_billing_events USING btree (processed)"",""index"":""idx_crm_billing_events_processed""},{""def"":""CREATE INDEX idx_crm_billing_events_stripe_event_id ON public.crm_billing_events USING btree (stripe_event_id)"",""index"":""idx_crm_billing_events_stripe_event_id""},{""def"":""CREATE INDEX idx_crm_billing_events_stripe_subscription_id ON public.crm_billing_events USING btree (stripe_subscription_id)"",""index"":""idx_crm_billing_events_stripe_subscription_id""}]","[{""cmd"":""ALL"",""roles"":[""service_role""],""policy"":""Service role manages crm_billing_events""}]"
crm_subscriptions,"[{""type"":""uuid"",""column"":""id"",""default"":""gen_random_uuid()"",""nullable"":""NO""},{""type"":""uuid"",""column"":""user_id"",""default"":null,""nullable"":""NO""},{""type"":""uuid"",""column"":""account_id"",""default"":null,""nullable"":""NO""},{""type"":""text"",""column"":""stripe_customer_id"",""default"":null,""nullable"":""NO""},{""type"":""text"",""column"":""stripe_subscription_id"",""default"":null,""nullable"":""NO""},{""type"":""text"",""column"":""stripe_price_id"",""default"":null,""nullable"":""NO""},{""type"":""text"",""column"":""stripe_product_id"",""default"":null,""nullable"":""NO""},{""type"":""text"",""column"":""plan_name"",""default"":null,""nullable"":""NO""},{""type"":""text"",""column"":""plan_tier"",""default"":""'pro'::text"",""nullable"":""NO""},{""type"":""text"",""column"":""industry"",""default"":null,""nullable"":""NO""},{""type"":""text"",""column"":""billing_interval"",""default"":""'monthly'::text"",""nullable"":""NO""},{""type"":""integer"",""column"":""amount_cents"",""default"":""0"",""nullable"":""NO""},{""type"":""text"",""column"":""currency"",""default"":""'usd'::text"",""nullable"":""NO""},{""type"":""text"",""column"":""status"",""default"":""'active'::text"",""nullable"":""NO""},{""type"":""boolean"",""column"":""cancel_at_period_end"",""default"":""false"",""nullable"":""NO""},{""type"":""timestamp with time zone"",""column"":""current_period_start"",""default"":null,""nullable"":""NO""},{""type"":""timestamp with time zone"",""column"":""current_period_end"",""default"":null,""nullable"":""NO""},{""type"":""timestamp with time zone"",""column"":""trial_start"",""default"":null,""nullable"":""YES""},{""type"":""timestamp with time zone"",""column"":""trial_end"",""default"":null,""nullable"":""YES""},{""type"":""timestamp with time zone"",""column"":""canceled_at"",""default"":null,""nullable"":""YES""},{""type"":""timestamp with time zone"",""column"":""created_at"",""default"":""now()"",""nullable"":""NO""},{""type"":""timestamp with time zone"",""column"":""updated_at"",""default"":""now()"",""nullable"":""NO""}]","[{""type"":""FOREIGN KEY"",""constraint"":""crm_subscriptions_account_id_fkey""},{""type"":""CHECK"",""constraint"":""crm_subscriptions_billing_check""},{""type"":""CHECK"",""constraint"":""crm_subscriptions_industry_check""},{""type"":""PRIMARY KEY"",""constraint"":""crm_subscriptions_pkey""},{""type"":""CHECK"",""constraint"":""crm_subscriptions_plan_tier_check""},{""type"":""CHECK"",""constraint"":""crm_subscriptions_status_check""},{""type"":""UNIQUE"",""constraint"":""crm_subscriptions_stripe_subscription_id_key""},{""type"":""CHECK"",""constraint"":""2200_82194_1_not_null""},{""type"":""CHECK"",""constraint"":""2200_82194_2_not_null""},{""type"":""CHECK"",""constraint"":""2200_82194_3_not_null""},{""type"":""CHECK"",""constraint"":""2200_82194_4_not_null""},{""type"":""CHECK"",""constraint"":""2200_82194_5_not_null""},{""type"":""CHECK"",""constraint"":""2200_82194_6_not_null""},{""type"":""CHECK"",""constraint"":""2200_82194_7_not_null""},{""type"":""CHECK"",""constraint"":""2200_82194_8_not_null""},{""type"":""CHECK"",""constraint"":""2200_82194_9_not_null""},{""type"":""CHECK"",""constraint"":""2200_82194_10_not_null""},{""type"":""CHECK"",""constraint"":""2200_82194_11_not_null""},{""type"":""CHECK"",""constraint"":""2200_82194_12_not_null""},{""type"":""CHECK"",""constraint"":""2200_82194_13_not_null""},{""type"":""CHECK"",""constraint"":""2200_82194_14_not_null""},{""type"":""CHECK"",""constraint"":""2200_82194_15_not_null""},{""type"":""CHECK"",""constraint"":""2200_82194_16_not_null""},{""type"":""CHECK"",""constraint"":""2200_82194_17_not_null""},{""type"":""CHECK"",""constraint"":""2200_82194_21_not_null""},{""type"":""CHECK"",""constraint"":""2200_82194_22_not_null""}]","[{""def"":""CREATE UNIQUE INDEX crm_subscriptions_pkey ON public.crm_subscriptions USING btree (id)"",""index"":""crm_subscriptions_pkey""},{""def"":""CREATE UNIQUE INDEX crm_subscriptions_stripe_subscription_id_key ON public.crm_subscriptions USING btree (stripe_subscription_id)"",""index"":""crm_subscriptions_stripe_subscription_id_key""},{""def"":""CREATE INDEX idx_crm_subscriptions_account_id ON public.crm_subscriptions USING btree (account_id)"",""index"":""idx_crm_subscriptions_account_id""},{""def"":""CREATE INDEX idx_crm_subscriptions_industry ON public.crm_subscriptions USING btree (industry)"",""index"":""idx_crm_subscriptions_industry""},{""def"":""CREATE INDEX idx_crm_subscriptions_status ON public.crm_subscriptions USING btree (status)"",""index"":""idx_crm_subscriptions_status""},{""def"":""CREATE INDEX idx_crm_subscriptions_stripe_customer_id ON public.crm_subscriptions USING btree (stripe_customer_id)"",""index"":""idx_crm_subscriptions_stripe_customer_id""},{""def"":""CREATE INDEX idx_crm_subscriptions_stripe_subscription_id ON public.crm_subscriptions USING btree (stripe_subscription_id)"",""index"":""idx_crm_subscriptions_stripe_subscription_id""},{""def"":""CREATE INDEX idx_crm_subscriptions_user_id ON public.crm_subscriptions USING btree (user_id)"",""index"":""idx_crm_subscriptions_user_id""}]","[{""cmd"":""ALL"",""roles"":[""authenticated""],""policy"":""CRM users can manage own subscriptions""},{""cmd"":""SELECT"",""roles"":[""authenticated""],""policy"":""CRM users can view own subscriptions""},{""cmd"":""ALL"",""roles"":[""service_role""],""policy"":""Service role manages crm_subscriptions""}]"
deals,"[{""type"":""uuid"",""column"":""id"",""default"":""gen_random_uuid()"",""nullable"":""NO""},{""type"":""uuid"",""column"":""account_id"",""default"":null,""nullable"":""NO""},{""type"":""uuid"",""column"":""contact_id"",""default"":null,""nullable"":""YES""},{""type"":""uuid"",""column"":""company_id"",""default"":null,""nullable"":""YES""},{""type"":""uuid"",""column"":""owner_user_id"",""default"":null,""nullable"":""NO""},{""type"":""character varying"",""column"":""title"",""default"":null,""nullable"":""NO""},{""type"":""numeric"",""column"":""amount"",""default"":null,""nullable"":""YES""},{""type"":""character varying"",""column"":""currency"",""default"":""'USD'::character varying"",""nullable"":""YES""},{""type"":""uuid"",""column"":""pipeline_id"",""default"":null,""nullable"":""NO""},{""type"":""uuid"",""column"":""stage_id"",""default"":null,""nullable"":""NO""},{""type"":""integer"",""column"":""probability"",""default"":""0"",""nullable"":""YES""},{""type"":""date"",""column"":""close_date"",""default"":null,""nullable"":""YES""},{""type"":""timestamp without time zone"",""column"":""closed_at"",""default"":null,""nullable"":""YES""},{""type"":""boolean"",""column"":""won"",""default"":null,""nullable"":""YES""},{""type"":""text"",""column"":""lost_reason"",""default"":null,""nullable"":""YES""},{""type"":""boolean"",""column"":""commission_eligible"",""default"":""true"",""nullable"":""YES""},{""type"":""jsonb"",""column"":""commission_split"",""default"":null,""nullable"":""YES""},{""type"":""ARRAY"",""column"":""tags"",""default"":null,""nullable"":""YES""},{""type"":""jsonb"",""column"":""custom_fields"",""default"":""'{}'::jsonb"",""nullable"":""YES""},{""type"":""timestamp without time zone"",""column"":""created_at"",""default"":""now()"",""nullable"":""YES""},{""type"":""timestamp without time zone"",""column"":""updated_at"",""default"":""now()"",""nullable"":""YES""},{""type"":""numeric"",""column"":""ai_win_probability"",""default"":null,""nullable"":""YES""},{""type"":""numeric"",""column"":""ai_confidence_score"",""default"":null,""nullable"":""YES""},{""type"":""jsonb"",""column"":""ai_risk_factors"",""default"":""'[]'::jsonb"",""nullable"":""YES""},{""type"":""jsonb"",""column"":""ai_recommended_actions"",""default"":""'[]'::jsonb"",""nullable"":""YES""},{""type"":""date"",""column"":""ai_predicted_close_date"",""default"":null,""nullable"":""YES""},{""type"":""timestamp with time zone"",""column"":""ai_score_updated_at"",""default"":null,""nullable"":""YES""},{""type"":""character varying"",""column"":""ai_model_version"",""default"":null,""nullable"":""YES""},{""type"":""uuid"",""column"":""user_id"",""default"":null,""nullable"":""YES""},{""type"":""numeric"",""column"":""value"",""default"":""0.00"",""nullable"":""YES""},{""type"":""character varying"",""column"":""stage"",""default"":""'Lead'::character varying"",""nullable"":""YES""},{""type"":""integer"",""column"":""win_probability"",""default"":""0"",""nullable"":""YES""},{""type"":""date"",""column"":""expected_close_date"",""default"":null,""nullable"":""YES""},{""type"":""text"",""column"":""description"",""default"":null,""nullable"":""YES""},{""type"":""uuid"",""column"":""assigned_to"",""default"":null,""nullable"":""YES""},{""type"":""uuid"",""column"":""created_by"",""default"":null,""nullable"":""YES""}]","[{""type"":""FOREIGN KEY"",""constraint"":""deals_account_id_fkey""},{""type"":""FOREIGN KEY"",""constraint"":""deals_assigned_to_fkey""},{""type"":""FOREIGN KEY"",""constraint"":""deals_company_id_fkey""},{""type"":""FOREIGN KEY"",""constraint"":""deals_contact_id_fkey""},{""type"":""FOREIGN KEY"",""constraint"":""deals_created_by_fkey""},{""type"":""FOREIGN KEY"",""constraint"":""deals_owner_user_id_fkey""},{""type"":""FOREIGN KEY"",""constraint"":""deals_pipeline_id_fkey""},{""type"":""PRIMARY KEY"",""constraint"":""deals_pkey""},{""type"":""CHECK"",""constraint"":""deals_stage_check""},{""type"":""FOREIGN KEY"",""constraint"":""deals_stage_id_fkey""},{""type"":""FOREIGN KEY"",""constraint"":""deals_user_id_fkey""},{""type"":""CHECK"",""constraint"":""deals_win_probability_check""},{""type"":""CHECK"",""constraint"":""2200_17624_1_not_null""},{""type"":""CHECK"",""constraint"":""2200_17624_2_not_null""},{""type"":""CHECK"",""constraint"":""2200_17624_5_not_null""},{""type"":""CHECK"",""constraint"":""2200_17624_6_not_null""},{""type"":""CHECK"",""constraint"":""2200_17624_9_not_null""},{""type"":""CHECK"",""constraint"":""2200_17624_10_not_null""}]","[{""def"":""CREATE UNIQUE INDEX deals_pkey ON public.deals USING btree (id)"",""index"":""deals_pkey""},{""def"":""CREATE INDEX idx_deals_pipeline_stage ON public.deals USING btree (pipeline_id, stage_id)"",""index"":""idx_deals_pipeline_stage""},{""def"":""CREATE INDEX idx_deals_account_id ON public.deals USING btree (account_id)"",""index"":""idx_deals_account_id""},{""def"":""CREATE INDEX idx_deals_ai_probability ON public.deals USING btree (ai_win_probability)"",""index"":""idx_deals_ai_probability""},{""def"":""CREATE INDEX idx_deals_ai_updated ON public.deals USING btree (ai_score_updated_at)"",""index"":""idx_deals_ai_updated""},{""def"":""CREATE INDEX idx_deals_assigned_to ON public.deals USING btree (assigned_to)"",""index"":""idx_deals_assigned_to""},{""def"":""CREATE INDEX idx_deals_close_date ON public.deals USING btree (account_id, close_date)"",""index"":""idx_deals_close_date""},{""def"":""CREATE INDEX idx_deals_company ON public.deals USING btree (company_id)"",""index"":""idx_deals_company""},{""def"":""CREATE INDEX idx_deals_contact ON public.deals USING btree (contact_id)"",""index"":""idx_deals_contact""},{""def"":""CREATE INDEX idx_deals_expected_close_date ON public.deals USING btree (expected_close_date)"",""index"":""idx_deals_expected_close_date""},{""def"":""CREATE INDEX idx_deals_owner ON public.deals USING btree (owner_user_id)"",""index"":""idx_deals_owner""},{""def"":""CREATE INDEX idx_deals_stage ON public.deals USING btree (stage)"",""index"":""idx_deals_stage""},{""def"":""CREATE INDEX idx_deals_user_id ON public.deals USING btree (user_id)"",""index"":""idx_deals_user_id""},{""def"":""CREATE INDEX idx_deals_value ON public.deals USING btree (value)"",""index"":""idx_deals_value""}]","[{""cmd"":""ALL"",""roles"":[""authenticated""],""policy"":""Users can manage account data""},{""cmd"":""SELECT"",""roles"":[""authenticated""],""policy"":""Users can view account data""},{""cmd"":""ALL"",""roles"":[""authenticated""],""policy"":""manage_account_data_non_recursive""},{""cmd"":""SELECT"",""roles"":[""authenticated""],""policy"":""view_account_data_non_recursive""}]"
domain_quality_metrics,"[{""type"":""uuid"",""column"":""user_id"",""default"":null,""nullable"":""YES""},{""type"":""text"",""column"":""domain"",""default"":null,""nullable"":""YES""},{""type"":""bigint"",""column"":""sold_count"",""default"":null,""nullable"":""YES""},{""type"":""numeric"",""column"":""avg_net_profit"",""default"":null,""nullable"":""YES""},{""type"":""numeric"",""column"":""avg_sale_price"",""default"":null,""nullable"":""YES""},{""type"":""numeric"",""column"":""avg_time_to_sale_days"",""default"":null,""nullable"":""YES""},{""type"":""timestamp with time zone"",""column"":""earliest_sale"",""default"":null,""nullable"":""YES""},{""type"":""timestamp with time zone"",""column"":""latest_sale"",""default"":null,""nullable"":""YES""}]",null,null,null
domain_requests,"[{""type"":""uuid"",""column"":""id"",""default"":""gen_random_uuid()"",""nullable"":""NO""},{""type"":""uuid"",""column"":""tenant_id"",""default"":null,""nullable"":""NO""},{""type"":""text"",""column"":""domain_name"",""default"":null,""nullable"":""NO""},{""type"":""text"",""column"":""extension"",""default"":""'.com'::text"",""nullable"":""NO""},{""type"":""text"",""column"":""full_domain"",""default"":null,""nullable"":""YES""},{""type"":""integer"",""column"":""priority"",""default"":""1"",""nullable"":""NO""},{""type"":""USER-DEFINED"",""column"":""status"",""default"":""'requested'::waas_domain_status"",""nullable"":""NO""},{""type"":""text"",""column"":""status_notes"",""default"":null,""nullable"":""YES""},{""type"":""timestamp with time zone"",""column"":""registered_at"",""default"":null,""nullable"":""YES""},{""type"":""text"",""column"":""registrar"",""default"":null,""nullable"":""YES""},{""type"":""timestamp with time zone"",""column"":""created_at"",""default"":""now()"",""nullable"":""NO""},{""type"":""timestamp with time zone"",""column"":""updated_at"",""default"":""now()"",""nullable"":""NO""},{""type"":""text"",""column"":""admin_notes"",""default"":null,""nullable"":""YES""},{""type"":""jsonb"",""column"":""status_history"",""default"":""'[]'::jsonb"",""nullable"":""NO""},{""type"":""text"",""column"":""workflow_status"",""default"":""'requested'::text"",""nullable"":""NO""}]","[{""type"":""PRIMARY KEY"",""constraint"":""domain_requests_pkey""},{""type"":""FOREIGN KEY"",""constraint"":""domain_requests_tenant_id_fkey""},{""type"":""CHECK"",""constraint"":""domain_requests_workflow_status_check""},{""type"":""CHECK"",""constraint"":""2200_109099_1_not_null""},{""type"":""CHECK"",""constraint"":""2200_109099_2_not_null""},{""type"":""CHECK"",""constraint"":""2200_109099_3_not_null""},{""type"":""CHECK"",""constraint"":""2200_109099_4_not_null""},{""type"":""CHECK"",""constraint"":""2200_109099_6_not_null""},{""type"":""CHECK"",""constraint"":""2200_109099_7_not_null""},{""type"":""CHECK"",""constraint"":""2200_109099_11_not_null""},{""type"":""CHECK"",""constraint"":""2200_109099_12_not_null""},{""type"":""CHECK"",""constraint"":""2200_109099_14_not_null""},{""type"":""CHECK"",""constraint"":""2200_109099_15_not_null""}]","[{""def"":""CREATE UNIQUE INDEX domain_requests_pkey ON public.domain_requests USING btree (id)"",""index"":""domain_requests_pkey""},{""def"":""CREATE INDEX idx_domain_requests_status ON public.domain_requests USING btree (status)"",""index"":""idx_domain_requests_status""},{""def"":""CREATE INDEX idx_domain_requests_tenant_id ON public.domain_requests USING btree (tenant_id)"",""index"":""idx_domain_requests_tenant_id""},{""def"":""CREATE INDEX idx_domain_requests_workflow_status ON public.domain_requests USING btree (workflow_status)"",""index"":""idx_domain_requests_workflow_status""}]","[{""cmd"":""ALL"",""roles"":[""authenticated""],""policy"":""domain_requests_admin_all""},{""cmd"":""INSERT"",""roles"":[""anon""],""policy"":""domain_requests_anon_insert""},{""cmd"":""SELECT"",""roles"":[""anon""],""policy"":""domain_requests_anon_read""}]"
drafts,"[{""type"":""uuid"",""column"":""id"",""default"":""gen_random_uuid()"",""nullable"":""NO""},{""type"":""uuid"",""column"":""user_id"",""default"":null,""nullable"":""NO""},{""type"":""text"",""column"":""title"",""default"":null,""nullable"":""NO""},{""type"":""text"",""column"":""description"",""default"":null,""nullable"":""YES""},{""type"":""text"",""column"":""image_url"",""default"":null,""nullable"":""YES""},{""type"":""text"",""column"":""ebay_category_id"",""default"":null,""nullable"":""YES""},{""type"":""text"",""column"":""ebay_category_name"",""default"":null,""nullable"":""YES""},{""type"":""jsonb"",""column"":""item_specifics"",""default"":""'{}'::jsonb"",""nullable"":""YES""},{""type"":""text"",""column"":""condition_id"",""default"":null,""nullable"":""YES""},{""type"":""numeric"",""column"":""price"",""default"":null,""nullable"":""YES""},{""type"":""text"",""column"":""listing_id"",""default"":null,""nullable"":""YES""},{""type"":""text"",""column"":""status"",""default"":""'draft'::text"",""nullable"":""NO""},{""type"":""timestamp with time zone"",""column"":""created_at"",""default"":""now()"",""nullable"":""NO""},{""type"":""timestamp with time zone"",""column"":""updated_at"",""default"":""now()"",""nullable"":""NO""},{""type"":""uuid"",""column"":""org_id"",""default"":null,""nullable"":""YES""},{""type"":""text"",""column"":""consignor"",""default"":""''::text"",""nullable"":""YES""},{""type"":""text"",""column"":""listing_format"",""default"":""'FIXED_PRICE'::text"",""nullable"":""YES""},{""type"":""numeric"",""column"":""listing_price"",""default"":""0"",""nullable"":""YES""},{""type"":""numeric"",""column"":""auction_start_price"",""default"":""0"",""nullable"":""YES""},{""type"":""numeric"",""column"":""auction_buy_it_now"",""default"":null,""nullable"":""YES""},{""type"":""ARRAY"",""column"":""image_urls"",""default"":null,""nullable"":""YES""},{""type"":""text"",""column"":""condition"",""default"":null,""nullable"":""YES""},{""type"":""numeric"",""column"":""price_min"",""default"":""0"",""nullable"":""YES""},{""type"":""numeric"",""column"":""price_max"",""default"":""0"",""nullable"":""YES""},{""type"":""text"",""column"":""ebay_category_breadcrumb"",""default"":null,""nullable"":""YES""},{""type"":""text"",""column"":""fulfillment_policy_id"",""default"":null,""nullable"":""YES""},{""type"":""text"",""column"":""payment_policy_id"",""default"":null,""nullable"":""YES""},{""type"":""text"",""column"":""return_policy_id"",""default"":null,""nullable"":""YES""},{""type"":""text"",""column"":""auction_duration"",""default"":""'Days_7'::text"",""nullable"":""YES""},{""type"":""text"",""column"":""publish_status"",""default"":""'draft'::text"",""nullable"":""NO""},{""type"":""timestamp with time zone"",""column"":""published_at"",""default"":null,""nullable"":""YES""},{""type"":""text"",""column"":""ebay_sku"",""default"":null,""nullable"":""YES""},{""type"":""text"",""column"":""ebay_offer_id"",""default"":null,""nullable"":""YES""},{""type"":""text"",""column"":""ebay_listing_id"",""default"":null,""nullable"":""YES""},{""type"":""text"",""column"":""last_publish_error"",""default"":null,""nullable"":""YES""},{""type"":""text"",""column"":""metal_type"",""default"":""'none'::text"",""nullable"":""YES""},{""type"":""numeric"",""column"":""metal_weight_oz"",""default"":""0"",""nullable"":""YES""},{""type"":""numeric"",""column"":""cogs"",""default"":null,""nullable"":""YES""},{""type"":""text"",""column"":""cogs_source"",""default"":null,""nullable"":""YES""},{""type"":""timestamp with time zone"",""column"":""cogs_acquired_at"",""default"":null,""nullable"":""YES""},{""type"":""integer"",""column"":""quantity"",""default"":""1"",""nullable"":""NO""},{""type"":""text"",""column"":""pricing_mode"",""default"":""'per_item'::text"",""nullable"":""NO""},{""type"":""text"",""column"":""video_url"",""default"":null,""nullable"":""YES""},{""type"":""text"",""column"":""ebay_video_id"",""default"":null,""nullable"":""YES""},{""type"":""text"",""column"":""ebay_video_status"",""default"":null,""nullable"":""YES""},{""type"":""numeric"",""column"":""package_weight_lb"",""default"":null,""nullable"":""YES""},{""type"":""numeric"",""column"":""package_weight_oz"",""default"":null,""nullable"":""YES""},{""type"":""numeric"",""column"":""package_length_in"",""default"":null,""nullable"":""YES""},{""type"":""numeric"",""column"":""package_width_in"",""default"":null,""nullable"":""YES""},{""type"":""numeric"",""column"":""package_height_in"",""default"":null,""nullable"":""YES""},{""type"":""timestamp with time zone"",""column"":""media_retention_last_checked"",""default"":null,""nullable"":""YES""},{""type"":""text"",""column"":""domain"",""default"":null,""nullable"":""YES""}]","[{""type"":""FOREIGN KEY"",""constraint"":""drafts_org_id_fkey""},{""type"":""PRIMARY KEY"",""constraint"":""drafts_pkey""},{""type"":""CHECK"",""constraint"":""drafts_publish_status_check""},{""type"":""FOREIGN KEY"",""constraint"":""drafts_user_id_fkey""},{""type"":""CHECK"",""constraint"":""2200_81879_1_not_null""},{""type"":""CHECK"",""constraint"":""2200_81879_2_not_null""},{""type"":""CHECK"",""constraint"":""2200_81879_3_not_null""},{""type"":""CHECK"",""constraint"":""2200_81879_12_not_null""},{""type"":""CHECK"",""constraint"":""2200_81879_13_not_null""},{""type"":""CHECK"",""constraint"":""2200_81879_14_not_null""},{""type"":""CHECK"",""constraint"":""2200_81879_30_not_null""},{""type"":""CHECK"",""constraint"":""2200_81879_41_not_null""},{""type"":""CHECK"",""constraint"":""2200_81879_42_not_null""}]","[{""def"":""CREATE UNIQUE INDEX drafts_pkey ON public.drafts USING btree (id)"",""index"":""drafts_pkey""},{""def"":""CREATE INDEX idx_drafts_domain ON public.drafts USING btree (domain) WHERE (domain IS NOT NULL)"",""index"":""idx_drafts_domain""},{""def"":""CREATE INDEX idx_drafts_ebay_sku ON public.drafts USING btree (ebay_sku) WHERE (ebay_sku IS NOT NULL)"",""index"":""idx_drafts_ebay_sku""},{""def"":""CREATE INDEX idx_drafts_publish_status ON public.drafts USING btree (publish_status)"",""index"":""idx_drafts_publish_status""},{""def"":""CREATE INDEX idx_drafts_published_at ON public.drafts USING btree (published_at)"",""index"":""idx_drafts_published_at""}]","[{""cmd"":""SELECT"",""roles"":[""authenticated""],""policy"":""Org members can view org drafts""},{""cmd"":""DELETE"",""roles"":[""authenticated""],""policy"":""Users can delete own or org drafts""},{""cmd"":""INSERT"",""roles"":[""authenticated""],""policy"":""Users can insert drafts""},{""cmd"":""ALL"",""roles"":[""public""],""policy"":""Users can manage own drafts""},{""cmd"":""UPDATE"",""roles"":[""authenticated""],""policy"":""Users can update own or org drafts""}]"
ebay_browse_call_log,"[{""type"":""uuid"",""column"":""id"",""default"":""gen_random_uuid()"",""nullable"":""NO""},{""type"":""text"",""column"":""caller"",""default"":null,""nullable"":""NO""},{""type"":""timestamp with time zone"",""column"":""created_at"",""default"":""now()"",""nullable"":""NO""},{""type"":""text"",""column"":""resource"",""default"":""'buy.browse'::text"",""nullable"":""NO""}]","[{""type"":""PRIMARY KEY"",""constraint"":""ebay_browse_call_log_pkey""},{""type"":""CHECK"",""constraint"":""2200_117082_1_not_null""},{""type"":""CHECK"",""constraint"":""2200_117082_2_not_null""},{""type"":""CHECK"",""constraint"":""2200_117082_3_not_null""},{""type"":""CHECK"",""constraint"":""2200_117082_4_not_null""}]","[{""def"":""CREATE UNIQUE INDEX ebay_browse_call_log_pkey ON public.ebay_browse_call_log USING btree (id)"",""index"":""ebay_browse_call_log_pkey""},{""def"":""CREATE INDEX idx_ebay_browse_call_log_created_at ON public.ebay_browse_call_log USING btree (created_at DESC)"",""index"":""idx_ebay_browse_call_log_created_at""}]",null
ebay_items_refresh_outcomes,"[{""type"":""uuid"",""column"":""id"",""default"":""gen_random_uuid()"",""nullable"":""NO""},{""type"":""text"",""column"":""outcome"",""default"":null,""nullable"":""NO""},{""type"":""text"",""column"":""reason"",""default"":null,""nullable"":""YES""},{""type"":""text"",""column"":""listing_id"",""default"":null,""nullable"":""YES""},{""type"":""timestamp with time zone"",""column"":""created_at"",""default"":""now()"",""nullable"":""NO""}]","[{""type"":""PRIMARY KEY"",""constraint"":""ebay_items_refresh_outcomes_pkey""},{""type"":""CHECK"",""constraint"":""2200_117279_1_not_null""},{""type"":""CHECK"",""constraint"":""2200_117279_2_not_null""},{""type"":""CHECK"",""constraint"":""2200_117279_5_not_null""}]","[{""def"":""CREATE UNIQUE INDEX ebay_items_refresh_outcomes_pkey ON public.ebay_items_refresh_outcomes USING btree (id)"",""index"":""ebay_items_refresh_outcomes_pkey""},{""def"":""CREATE INDEX idx_ebay_items_refresh_outcomes_created_at ON public.ebay_items_refresh_outcomes USING btree (created_at DESC)"",""index"":""idx_ebay_items_refresh_outcomes_created_at""}]",null
ebay_rate_limit_polls,"[{""type"":""uuid"",""column"":""id"",""default"":""gen_random_uuid()"",""nullable"":""NO""},{""type"":""text"",""column"":""resource_name"",""default"":null,""nullable"":""NO""},{""type"":""text"",""column"":""api_context"",""default"":null,""nullable"":""YES""},{""type"":""integer"",""column"":""call_limit"",""default"":null,""nullable"":""NO""},{""type"":""integer"",""column"":""call_count"",""default"":null,""nullable"":""NO""},{""type"":""integer"",""column"":""call_remaining"",""default"":null,""nullable"":""NO""},{""type"":""timestamp with time zone"",""column"":""reset_at"",""default"":null,""nullable"":""NO""},{""type"":""integer"",""column"":""time_window_seconds"",""default"":null,""nullable"":""YES""},{""type"":""boolean"",""column"":""alert_sent"",""default"":""false"",""nullable"":""NO""},{""type"":""timestamp with time zone"",""column"":""polled_at"",""default"":""now()"",""nullable"":""NO""}]","[{""type"":""PRIMARY KEY"",""constraint"":""ebay_rate_limit_polls_pkey""},{""type"":""CHECK"",""constraint"":""2200_117071_1_not_null""},{""type"":""CHECK"",""constraint"":""2200_117071_2_not_null""},{""type"":""CHECK"",""constraint"":""2200_117071_4_not_null""},{""type"":""CHECK"",""constraint"":""2200_117071_5_not_null""},{""type"":""CHECK"",""constraint"":""2200_117071_6_not_null""},{""type"":""CHECK"",""constraint"":""2200_117071_7_not_null""},{""type"":""CHECK"",""constraint"":""2200_117071_9_not_null""},{""type"":""CHECK"",""constraint"":""2200_117071_10_not_null""}]","[{""def"":""CREATE UNIQUE INDEX ebay_rate_limit_polls_pkey ON public.ebay_rate_limit_polls USING btree (id)"",""index"":""ebay_rate_limit_polls_pkey""},{""def"":""CREATE INDEX idx_ebay_rate_limit_polls_polled_at ON public.ebay_rate_limit_polls USING btree (polled_at DESC)"",""index"":""idx_ebay_rate_limit_polls_polled_at""}]",null
ebay_taxonomy_cache,"[{""type"":""text"",""column"":""category_id"",""default"":null,""nullable"":""NO""},{""type"":""text"",""column"":""category_name"",""default"":null,""nullable"":""NO""},{""type"":""text"",""column"":""breadcrumb"",""default"":null,""nullable"":""NO""},{""type"":""text"",""column"":""parent_category_id"",""default"":null,""nullable"":""YES""},{""type"":""boolean"",""column"":""is_leaf"",""default"":""true"",""nullable"":""NO""},{""type"":""timestamp with time zone"",""column"":""synced_at"",""default"":""now()"",""nullable"":""NO""},{""type"":""timestamp with time zone"",""column"":""created_at"",""default"":""now()"",""nullable"":""NO""},{""type"":""timestamp with time zone"",""column"":""updated_at"",""default"":""now()"",""nullable"":""NO""},{""type"":""USER-DEFINED"",""column"":""embedding"",""default"":null,""nullable"":""YES""},{""type"":""text"",""column"":""embedding_source_text"",""default"":null,""nullable"":""YES""}]","[{""type"":""PRIMARY KEY"",""constraint"":""ebay_taxonomy_cache_pkey""},{""type"":""CHECK"",""constraint"":""2200_113678_1_not_null""},{""type"":""CHECK"",""constraint"":""2200_113678_2_not_null""},{""type"":""CHECK"",""constraint"":""2200_113678_3_not_null""},{""type"":""CHECK"",""constraint"":""2200_113678_5_not_null""},{""type"":""CHECK"",""constraint"":""2200_113678_6_not_null""},{""type"":""CHECK"",""constraint"":""2200_113678_7_not_null""},{""type"":""CHECK"",""constraint"":""2200_113678_8_not_null""}]","[{""def"":""CREATE UNIQUE INDEX ebay_taxonomy_cache_pkey ON public.ebay_taxonomy_cache USING btree (category_id)"",""index"":""ebay_taxonomy_cache_pkey""},{""def"":""CREATE INDEX idx_ebay_taxonomy_cache_parent ON public.ebay_taxonomy_cache USING btree (parent_category_id)"",""index"":""idx_ebay_taxonomy_cache_parent""},{""def"":""CREATE INDEX idx_ebay_taxonomy_cache_synced ON public.ebay_taxonomy_cache USING btree (synced_at DESC)"",""index"":""idx_ebay_taxonomy_cache_synced""},{""def"":""CREATE INDEX idx_ebay_taxonomy_cache_embedding_hnsw ON public.ebay_taxonomy_cache USING hnsw (embedding vector_cosine_ops) WHERE ((is_leaf = true) AND (embedding IS NOT NULL))"",""index"":""idx_ebay_taxonomy_cache_embedding_hnsw""}]","[{""cmd"":""ALL"",""roles"":[""public""],""policy"":""Service role full access on ebay_taxonomy_cache""}]"
ebay_taxonomy_meta,"[{""type"":""text"",""column"":""category_tree_id"",""default"":null,""nullable"":""NO""},{""type"":""text"",""column"":""category_tree_version"",""default"":null,""nullable"":""NO""},{""type"":""integer"",""column"":""leaf_count"",""default"":null,""nullable"":""YES""},{""type"":""timestamp with time zone"",""column"":""synced_at"",""default"":""now()"",""nullable"":""NO""},{""type"":""timestamp with time zone"",""column"":""created_at"",""default"":""now()"",""nullable"":""NO""},{""type"":""timestamp with time zone"",""column"":""updated_at"",""default"":""now()"",""nullable"":""NO""}]","[{""type"":""PRIMARY KEY"",""constraint"":""ebay_taxonomy_meta_pkey""},{""type"":""CHECK"",""constraint"":""2200_116083_1_not_null""},{""type"":""CHECK"",""constraint"":""2200_116083_2_not_null""},{""type"":""CHECK"",""constraint"":""2200_116083_4_not_null""},{""type"":""CHECK"",""constraint"":""2200_116083_5_not_null""},{""type"":""CHECK"",""constraint"":""2200_116083_6_not_null""}]","[{""def"":""CREATE UNIQUE INDEX ebay_taxonomy_meta_pkey ON public.ebay_taxonomy_meta USING btree (category_tree_id)"",""index"":""ebay_taxonomy_meta_pkey""}]","[{""cmd"":""ALL"",""roles"":[""public""],""policy"":""Service role full access on ebay_taxonomy_meta""}]"
email_domains,"[{""type"":""uuid"",""column"":""id"",""default"":""gen_random_uuid()"",""nullable"":""NO""},{""type"":""uuid"",""column"":""account_id"",""default"":null,""nullable"":""NO""},{""type"":""character varying"",""column"":""domain"",""default"":null,""nullable"":""NO""},{""type"":""character varying"",""column"":""spf_status"",""default"":""'pending'::character varying"",""nullable"":""YES""},{""type"":""character varying"",""column"":""dkim_status"",""default"":""'pending'::character varying"",""nullable"":""YES""},{""type"":""character varying"",""column"":""dmarc_status"",""default"":""'pending'::character varying"",""nullable"":""YES""},{""type"":""text"",""column"":""spf_record"",""default"":null,""nullable"":""YES""},{""type"":""text"",""column"":""dkim_record"",""default"":null,""nullable"":""YES""},{""type"":""text"",""column"":""dmarc_record"",""default"":null,""nullable"":""YES""},{""type"":""timestamp without time zone"",""column"":""verified_at"",""default"":null,""nullable"":""YES""},{""type"":""timestamp without time zone"",""column"":""created_at"",""default"":""now()"",""nullable"":""YES""}]","[{""type"":""UNIQUE"",""constraint"":""email_domains_account_id_domain_key""},{""type"":""FOREIGN KEY"",""constraint"":""email_domains_account_id_fkey""},{""type"":""PRIMARY KEY"",""constraint"":""email_domains_pkey""},{""type"":""CHECK"",""constraint"":""2200_17828_1_not_null""},{""type"":""CHECK"",""constraint"":""2200_17828_2_not_null""},{""type"":""CHECK"",""constraint"":""2200_17828_3_not_null""}]","[{""def"":""CREATE UNIQUE INDEX email_domains_account_id_domain_key ON public.email_domains USING btree (account_id, domain)"",""index"":""email_domains_account_id_domain_key""},{""def"":""CREATE UNIQUE INDEX email_domains_pkey ON public.email_domains USING btree (id)"",""index"":""email_domains_pkey""},{""def"":""CREATE INDEX idx_email_domains_account ON public.email_domains USING btree (account_id)"",""index"":""idx_email_domains_account""}]","[{""cmd"":""ALL"",""roles"":[""authenticated""],""policy"":""manage_account_data_non_recursive""},{""cmd"":""SELECT"",""roles"":[""authenticated""],""policy"":""view_account_data_non_recursive""}]"
email_messages,"[{""type"":""uuid"",""column"":""id"",""default"":""uuid_generate_v4()"",""nullable"":""NO""},{""type"":""uuid"",""column"":""account_id"",""default"":null,""nullable"":""NO""},{""type"":""uuid"",""column"":""thread_id"",""default"":null,""nullable"":""YES""},{""type"":""text"",""column"":""message_id"",""default"":null,""nullable"":""NO""},{""type"":""text"",""column"":""in_reply_to"",""default"":null,""nullable"":""YES""},{""type"":""ARRAY"",""column"":""reference_headers"",""default"":null,""nullable"":""YES""},{""type"":""text"",""column"":""from_address"",""default"":null,""nullable"":""NO""},{""type"":""text"",""column"":""from_name"",""default"":null,""nullable"":""YES""},{""type"":""ARRAY"",""column"":""to_addresses"",""default"":null,""nullable"":""NO""},{""type"":""ARRAY"",""column"":""cc_addresses"",""default"":null,""nullable"":""YES""},{""type"":""ARRAY"",""column"":""bcc_addresses"",""default"":null,""nullable"":""YES""},{""type"":""text"",""column"":""subject"",""default"":null,""nullable"":""NO""},{""type"":""text"",""column"":""body_plain"",""default"":null,""nullable"":""YES""},{""type"":""text"",""column"":""body_html"",""default"":null,""nullable"":""YES""},{""type"":""text"",""column"":""direction"",""default"":""'inbound'::text"",""nullable"":""YES""},{""type"":""text"",""column"":""status"",""default"":""'received'::text"",""nullable"":""YES""},{""type"":""text"",""column"":""error_message"",""default"":null,""nullable"":""YES""},{""type"":""boolean"",""column"":""opened"",""default"":""false"",""nullable"":""YES""},{""type"":""timestamp with time zone"",""column"":""opened_at"",""default"":null,""nullable"":""YES""},{""type"":""integer"",""column"":""clicks"",""default"":""0"",""nullable"":""YES""},{""type"":""uuid"",""column"":""contact_id"",""default"":null,""nullable"":""YES""},{""type"":""uuid"",""column"":""company_id"",""default"":null,""nullable"":""YES""},{""type"":""uuid"",""column"":""deal_id"",""default"":null,""nullable"":""YES""},{""type"":""jsonb"",""column"":""headers"",""default"":null,""nullable"":""YES""},{""type"":""timestamp with time zone"",""column"":""received_at"",""default"":""now()"",""nullable"":""YES""},{""type"":""timestamp with time zone"",""column"":""created_at"",""default"":""now()"",""nullable"":""YES""},{""type"":""timestamp with time zone"",""column"":""updated_at"",""default"":""now()"",""nullable"":""YES""}]","[{""type"":""FOREIGN KEY"",""constraint"":""email_messages_account_id_fkey""},{""type"":""FOREIGN KEY"",""constraint"":""email_messages_company_id_fkey""},{""type"":""FOREIGN KEY"",""constraint"":""email_messages_contact_id_fkey""},{""type"":""FOREIGN KEY"",""constraint"":""email_messages_deal_id_fkey""},{""type"":""CHECK"",""constraint"":""email_messages_direction_check""},{""type"":""UNIQUE"",""constraint"":""email_messages_message_id_key""},{""type"":""PRIMARY KEY"",""constraint"":""email_messages_pkey""},{""type"":""CHECK"",""constraint"":""email_messages_status_check""},{""type"":""FOREIGN KEY"",""constraint"":""email_messages_thread_id_fkey""},{""type"":""CHECK"",""constraint"":""2200_33005_1_not_null""},{""type"":""CHECK"",""constraint"":""2200_33005_2_not_null""},{""type"":""CHECK"",""constraint"":""2200_33005_4_not_null""},{""type"":""CHECK"",""constraint"":""2200_33005_7_not_null""},{""type"":""CHECK"",""constraint"":""2200_33005_9_not_null""},{""type"":""CHECK"",""constraint"":""2200_33005_12_not_null""}]","[{""def"":""CREATE UNIQUE INDEX email_messages_message_id_key ON public.email_messages USING btree (message_id)"",""index"":""email_messages_message_id_key""},{""def"":""CREATE UNIQUE INDEX email_messages_pkey ON public.email_messages USING btree (id)"",""index"":""email_messages_pkey""},{""def"":""CREATE INDEX idx_email_messages_account_id ON public.email_messages USING btree (account_id)"",""index"":""idx_email_messages_account_id""},{""def"":""CREATE INDEX idx_email_messages_company_id ON public.email_messages USING btree (company_id)"",""index"":""idx_email_messages_company_id""},{""def"":""CREATE INDEX idx_email_messages_contact_id ON public.email_messages USING btree (contact_id)"",""index"":""idx_email_messages_contact_id""},{""def"":""CREATE INDEX idx_email_messages_deal_id ON public.email_messages USING btree (deal_id)"",""index"":""idx_email_messages_deal_id""},{""def"":""CREATE INDEX idx_email_messages_from_address ON public.email_messages USING btree (from_address)"",""index"":""idx_email_messages_from_address""},{""def"":""CREATE INDEX idx_email_messages_message_id ON public.email_messages USING btree (message_id)"",""index"":""idx_email_messages_message_id""},{""def"":""CREATE INDEX idx_email_messages_received_at ON public.email_messages USING btree (received_at DESC)"",""index"":""idx_email_messages_received_at""},{""def"":""CREATE INDEX idx_email_messages_subject ON public.email_messages USING gin (to_tsvector('english'::regconfig, subject))"",""index"":""idx_email_messages_subject""},{""def"":""CREATE INDEX idx_email_messages_thread_id ON public.email_messages USING btree (thread_id)"",""index"":""idx_email_messages_thread_id""}]","[{""cmd"":""ALL"",""roles"":[""authenticated""],""policy"":""manage_account_data_non_recursive""},{""cmd"":""SELECT"",""roles"":[""authenticated""],""policy"":""view_account_data_non_recursive""}]"
email_templates,"[{""type"":""uuid"",""column"":""id"",""default"":""gen_random_uuid()"",""nullable"":""NO""},{""type"":""uuid"",""column"":""account_id"",""default"":null,""nullable"":""NO""},{""type"":""uuid"",""column"":""created_by_user_id"",""default"":null,""nullable"":""YES""},{""type"":""character varying"",""column"":""name"",""default"":null,""nullable"":""NO""},{""type"":""character varying"",""column"":""subject"",""default"":null,""nullable"":""NO""},{""type"":""text"",""column"":""body_html"",""default"":null,""nullable"":""NO""},{""type"":""text"",""column"":""body_text"",""default"":null,""nullable"":""YES""},{""type"":""ARRAY"",""column"":""variables"",""default"":null,""nullable"":""YES""},{""type"":""character varying"",""column"":""category"",""default"":null,""nullable"":""YES""},{""type"":""timestamp without time zone"",""column"":""created_at"",""default"":""now()"",""nullable"":""YES""},{""type"":""timestamp without time zone"",""column"":""updated_at"",""default"":""now()"",""nullable"":""YES""}]","[{""type"":""FOREIGN KEY"",""constraint"":""email_templates_account_id_fkey""},{""type"":""FOREIGN KEY"",""constraint"":""email_templates_created_by_user_id_fkey""},{""type"":""PRIMARY KEY"",""constraint"":""email_templates_pkey""},{""type"":""CHECK"",""constraint"":""2200_17719_1_not_null""},{""type"":""CHECK"",""constraint"":""2200_17719_2_not_null""},{""type"":""CHECK"",""constraint"":""2200_17719_4_not_null""},{""type"":""CHECK"",""constraint"":""2200_17719_5_not_null""},{""type"":""CHECK"",""constraint"":""2200_17719_6_not_null""}]","[{""def"":""CREATE UNIQUE INDEX email_templates_pkey ON public.email_templates USING btree (id)"",""index"":""email_templates_pkey""},{""def"":""CREATE INDEX idx_email_templates_account ON public.email_templates USING btree (account_id)"",""index"":""idx_email_templates_account""}]","[{""cmd"":""ALL"",""roles"":[""authenticated""],""policy"":""manage_account_data_non_recursive""},{""cmd"":""SELECT"",""roles"":[""authenticated""],""policy"":""view_account_data_non_recursive""}]"
email_threads,"[{""type"":""uuid"",""column"":""id"",""default"":""uuid_generate_v4()"",""nullable"":""NO""},{""type"":""uuid"",""column"":""account_id"",""default"":null,""nullable"":""NO""},{""type"":""text"",""column"":""subject"",""default"":null,""nullable"":""NO""},{""type"":""ARRAY"",""column"":""participants"",""default"":null,""nullable"":""YES""},{""type"":""integer"",""column"":""message_count"",""default"":""0"",""nullable"":""YES""},{""type"":""timestamp with time zone"",""column"":""last_message_at"",""default"":""now()"",""nullable"":""YES""},{""type"":""timestamp with time zone"",""column"":""created_at"",""default"":""now()"",""nullable"":""YES""},{""type"":""timestamp with time zone"",""column"":""updated_at"",""default"":""now()"",""nullable"":""YES""}]","[{""type"":""FOREIGN KEY"",""constraint"":""email_threads_account_id_fkey""},{""type"":""PRIMARY KEY"",""constraint"":""email_threads_pkey""},{""type"":""CHECK"",""constraint"":""2200_32988_1_not_null""},{""type"":""CHECK"",""constraint"":""2200_32988_2_not_null""},{""type"":""CHECK"",""constraint"":""2200_32988_3_not_null""}]","[{""def"":""CREATE UNIQUE INDEX email_threads_pkey ON public.email_threads USING btree (id)"",""index"":""email_threads_pkey""},{""def"":""CREATE INDEX idx_email_threads_account_id ON public.email_threads USING btree (account_id)"",""index"":""idx_email_threads_account_id""},{""def"":""CREATE INDEX idx_email_threads_last_message ON public.email_threads USING btree (last_message_at DESC)"",""index"":""idx_email_threads_last_message""},{""def"":""CREATE INDEX idx_email_threads_subject ON public.email_threads USING gin (to_tsvector('english'::regconfig, subject))"",""index"":""idx_email_threads_subject""}]","[{""cmd"":""ALL"",""roles"":[""authenticated""],""policy"":""manage_account_data_non_recursive""},{""cmd"":""SELECT"",""roles"":[""authenticated""],""policy"":""view_account_data_non_recursive""}]"
feature_importance,"[{""type"":""uuid"",""column"":""id"",""default"":""gen_random_uuid()"",""nullable"":""NO""},{""type"":""uuid"",""column"":""account_id"",""default"":null,""nullable"":""NO""},{""type"":""character varying"",""column"":""feature_name"",""default"":null,""nullable"":""NO""},{""type"":""numeric"",""column"":""importance_score"",""default"":null,""nullable"":""NO""},{""type"":""character varying"",""column"":""feature_type"",""default"":null,""nullable"":""YES""},{""type"":""character varying"",""column"":""feature_category"",""default"":null,""nullable"":""YES""},{""type"":""character varying"",""column"":""model_version"",""default"":null,""nullable"":""NO""},{""type"":""integer"",""column"":""sample_size"",""default"":null,""nullable"":""YES""},{""type"":""timestamp with time zone"",""column"":""calculated_at"",""default"":""now()"",""nullable"":""YES""}]","[{""type"":""FOREIGN KEY"",""constraint"":""feature_importance_account_id_fkey""},{""type"":""PRIMARY KEY"",""constraint"":""feature_importance_pkey""},{""type"":""FOREIGN KEY"",""constraint"":""fk_feature_importance_account""},{""type"":""CHECK"",""constraint"":""2200_31467_1_not_null""},{""type"":""CHECK"",""constraint"":""2200_31467_2_not_null""},{""type"":""CHECK"",""constraint"":""2200_31467_3_not_null""},{""type"":""CHECK"",""constraint"":""2200_31467_4_not_null""},{""type"":""CHECK"",""constraint"":""2200_31467_7_not_null""}]","[{""def"":""CREATE UNIQUE INDEX feature_importance_pkey ON public.feature_importance USING btree (id)"",""index"":""feature_importance_pkey""},{""def"":""CREATE INDEX idx_feature_importance_account ON public.feature_importance USING btree (account_id)"",""index"":""idx_feature_importance_account""},{""def"":""CREATE INDEX idx_feature_importance_type ON public.feature_importance USING btree (feature_type)"",""index"":""idx_feature_importance_type""},{""def"":""CREATE INDEX idx_feature_importance_version ON public.feature_importance USING btree (model_version)"",""index"":""idx_feature_importance_version""}]","[{""cmd"":""ALL"",""roles"":[""authenticated""],""policy"":""manage_account_data_non_recursive""},{""cmd"":""SELECT"",""roles"":[""authenticated""],""policy"":""view_account_data_non_recursive""}]"
form_fields,"[{""type"":""uuid"",""column"":""id"",""default"":""uuid_generate_v4()"",""nullable"":""NO""},{""type"":""uuid"",""column"":""form_id"",""default"":null,""nullable"":""NO""},{""type"":""text"",""column"":""label"",""default"":null,""nullable"":""NO""},{""type"":""text"",""column"":""field_type"",""default"":null,""nullable"":""NO""},{""type"":""text"",""column"":""placeholder"",""default"":null,""nullable"":""YES""},{""type"":""text"",""column"":""default_value"",""default"":null,""nullable"":""YES""},{""type"":""jsonb"",""column"":""options"",""default"":null,""nullable"":""YES""},{""type"":""boolean"",""column"":""required"",""default"":""false"",""nullable"":""YES""},{""type"":""jsonb"",""column"":""validation_rules"",""default"":null,""nullable"":""YES""},{""type"":""integer"",""column"":""order_index"",""default"":""0"",""nullable"":""NO""},{""type"":""text"",""column"":""width"",""default"":""'full'::text"",""nullable"":""YES""},{""type"":""timestamp with time zone"",""column"":""created_at"",""default"":""now()"",""nullable"":""YES""},{""type"":""timestamp with time zone"",""column"":""updated_at"",""default"":""now()"",""nullable"":""YES""}]","[{""type"":""CHECK"",""constraint"":""form_fields_field_type_check""},{""type"":""FOREIGN KEY"",""constraint"":""form_fields_form_id_fkey""},{""type"":""PRIMARY KEY"",""constraint"":""form_fields_pkey""},{""type"":""CHECK"",""constraint"":""form_fields_width_check""},{""type"":""CHECK"",""constraint"":""2200_33077_1_not_null""},{""type"":""CHECK"",""constraint"":""2200_33077_2_not_null""},{""type"":""CHECK"",""constraint"":""2200_33077_3_not_null""},{""type"":""CHECK"",""constraint"":""2200_33077_4_not_null""},{""type"":""CHECK"",""constraint"":""2200_33077_10_not_null""}]","[{""def"":""CREATE UNIQUE INDEX form_fields_pkey ON public.form_fields USING btree (id)"",""index"":""form_fields_pkey""},{""def"":""CREATE INDEX idx_form_fields_form_id ON public.form_fields USING btree (form_id)"",""index"":""idx_form_fields_form_id""},{""def"":""CREATE INDEX idx_form_fields_order ON public.form_fields USING btree (form_id, order_index)"",""index"":""idx_form_fields_order""}]","[{""cmd"":""DELETE"",""roles"":[""public""],""policy"":""Users can delete fields for their account's forms""},{""cmd"":""INSERT"",""roles"":[""public""],""policy"":""Users can insert fields for their account's forms""},{""cmd"":""UPDATE"",""roles"":[""public""],""policy"":""Users can update fields for their account's forms""},{""cmd"":""SELECT"",""roles"":[""public""],""policy"":""Users can view fields for their account's forms""}]"
form_submissions,"[{""type"":""uuid"",""column"":""id"",""default"":""gen_random_uuid()"",""nullable"":""NO""},{""type"":""uuid"",""column"":""form_id"",""default"":null,""nullable"":""NO""},{""type"":""uuid"",""column"":""contact_id"",""default"":null,""nullable"":""YES""},{""type"":""jsonb"",""column"":""data"",""default"":null,""nullable"":""NO""},{""type"":""character varying"",""column"":""ip_address"",""default"":null,""nullable"":""YES""},{""type"":""text"",""column"":""user_agent"",""default"":null,""nullable"":""YES""},{""type"":""text"",""column"":""referrer"",""default"":null,""nullable"":""YES""},{""type"":""timestamp without time zone"",""column"":""created_at"",""default"":""now()"",""nullable"":""YES""},{""type"":""uuid"",""column"":""account_id"",""default"":null,""nullable"":""YES""}]","[{""type"":""FOREIGN KEY"",""constraint"":""form_submissions_account_id_fkey""},{""type"":""FOREIGN KEY"",""constraint"":""form_submissions_contact_id_fkey""},{""type"":""FOREIGN KEY"",""constraint"":""form_submissions_form_id_fkey""},{""type"":""PRIMARY KEY"",""constraint"":""form_submissions_pkey""},{""type"":""CHECK"",""constraint"":""2200_17886_1_not_null""},{""type"":""CHECK"",""constraint"":""2200_17886_2_not_null""},{""type"":""CHECK"",""constraint"":""2200_17886_4_not_null""}]","[{""def"":""CREATE UNIQUE INDEX form_submissions_pkey ON public.form_submissions USING btree (id)"",""index"":""form_submissions_pkey""},{""def"":""CREATE INDEX idx_form_submissions_account_id ON public.form_submissions USING btree (account_id)"",""index"":""idx_form_submissions_account_id""},{""def"":""CREATE INDEX idx_form_submissions_contact ON public.form_submissions USING btree (contact_id)"",""index"":""idx_form_submissions_contact""},{""def"":""CREATE INDEX idx_form_submissions_form ON public.form_submissions USING btree (form_id)"",""index"":""idx_form_submissions_form""}]","[{""cmd"":""ALL"",""roles"":[""authenticated""],""policy"":""manage_account_data_non_recursive""},{""cmd"":""SELECT"",""roles"":[""authenticated""],""policy"":""view_account_data_non_recursive""}]"
forms,"[{""type"":""uuid"",""column"":""id"",""default"":""gen_random_uuid()"",""nullable"":""NO""},{""type"":""uuid"",""column"":""account_id"",""default"":null,""nullable"":""NO""},{""type"":""uuid"",""column"":""created_by_user_id"",""default"":null,""nullable"":""YES""},{""type"":""character varying"",""column"":""name"",""default"":null,""nullable"":""NO""},{""type"":""jsonb"",""column"":""fields"",""default"":null,""nullable"":""NO""},{""type"":""jsonb"",""column"":""settings"",""default"":""'{}'::jsonb"",""nullable"":""YES""},{""type"":""text"",""column"":""embed_code"",""default"":null,""nullable"":""YES""},{""type"":""integer"",""column"":""submissions_count"",""default"":""0"",""nullable"":""YES""},{""type"":""timestamp without time zone"",""column"":""created_at"",""default"":""now()"",""nullable"":""YES""},{""type"":""timestamp without time zone"",""column"":""updated_at"",""default"":""now()"",""nullable"":""YES""}]","[{""type"":""FOREIGN KEY"",""constraint"":""forms_account_id_fkey""},{""type"":""FOREIGN KEY"",""constraint"":""forms_created_by_user_id_fkey""},{""type"":""PRIMARY KEY"",""constraint"":""forms_pkey""},{""type"":""CHECK"",""constraint"":""2200_17863_1_not_null""},{""type"":""CHECK"",""constraint"":""2200_17863_2_not_null""},{""type"":""CHECK"",""constraint"":""2200_17863_4_not_null""},{""type"":""CHECK"",""constraint"":""2200_17863_5_not_null""}]","[{""def"":""CREATE UNIQUE INDEX forms_pkey ON public.forms USING btree (id)"",""index"":""forms_pkey""},{""def"":""CREATE INDEX idx_forms_account ON public.forms USING btree (account_id)"",""index"":""idx_forms_account""},{""def"":""CREATE INDEX idx_forms_account_id ON public.forms USING btree (account_id)"",""index"":""idx_forms_account_id""}]","[{""cmd"":""ALL"",""roles"":[""authenticated""],""policy"":""manage_account_data_non_recursive""},{""cmd"":""SELECT"",""roles"":[""authenticated""],""policy"":""view_account_data_non_recursive""}]"
gemini_usage,"[{""type"":""uuid"",""column"":""id"",""default"":""gen_random_uuid()"",""nullable"":""NO""},{""type"":""uuid"",""column"":""user_id"",""default"":null,""nullable"":""YES""},{""type"":""text"",""column"":""function_name"",""default"":null,""nullable"":""NO""},{""type"":""text"",""column"":""model"",""default"":null,""nullable"":""NO""},{""type"":""integer"",""column"":""prompt_tokens"",""default"":""0"",""nullable"":""NO""},{""type"":""integer"",""column"":""completion_tokens"",""default"":""0"",""nullable"":""NO""},{""type"":""integer"",""column"":""total_tokens"",""default"":""0"",""nullable"":""NO""},{""type"":""timestamp with time zone"",""column"":""created_at"",""default"":""now()"",""nullable"":""NO""},{""type"":""text"",""column"":""provider"",""default"":""'gemini'::text"",""nullable"":""NO""},{""type"":""numeric"",""column"":""cost_usd"",""default"":""0"",""nullable"":""NO""}]","[{""type"":""PRIMARY KEY"",""constraint"":""gemini_usage_pkey""},{""type"":""CHECK"",""constraint"":""2200_81990_1_not_null""},{""type"":""CHECK"",""constraint"":""2200_81990_3_not_null""},{""type"":""CHECK"",""constraint"":""2200_81990_4_not_null""},{""type"":""CHECK"",""constraint"":""2200_81990_5_not_null""},{""type"":""CHECK"",""constraint"":""2200_81990_6_not_null""},{""type"":""CHECK"",""constraint"":""2200_81990_7_not_null""},{""type"":""CHECK"",""constraint"":""2200_81990_8_not_null""},{""type"":""CHECK"",""constraint"":""2200_81990_9_not_null""},{""type"":""CHECK"",""constraint"":""2200_81990_10_not_null""}]","[{""def"":""CREATE UNIQUE INDEX gemini_usage_pkey ON public.gemini_usage USING btree (id)"",""index"":""gemini_usage_pkey""},{""def"":""CREATE INDEX gemini_usage_provider_idx ON public.gemini_usage USING btree (provider, created_at DESC)"",""index"":""gemini_usage_provider_idx""},{""def"":""CREATE INDEX gemini_usage_user_created_idx ON public.gemini_usage USING btree (user_id, created_at DESC)"",""index"":""gemini_usage_user_created_idx""}]","[{""cmd"":""SELECT"",""roles"":[""public""],""policy"":""Users can view own usage""}]"
imports,"[{""type"":""uuid"",""column"":""id"",""default"":""gen_random_uuid()"",""nullable"":""NO""},{""type"":""uuid"",""column"":""account_id"",""default"":null,""nullable"":""NO""},{""type"":""uuid"",""column"":""user_id"",""default"":null,""nullable"":""NO""},{""type"":""character varying"",""column"":""type"",""default"":null,""nullable"":""NO""},{""type"":""character varying"",""column"":""status"",""default"":""'processing'::character varying"",""nullable"":""YES""},{""type"":""text"",""column"":""file_url"",""default"":null,""nullable"":""YES""},{""type"":""character varying"",""column"":""file_name"",""default"":null,""nullable"":""YES""},{""type"":""jsonb"",""column"":""mapping"",""default"":null,""nullable"":""YES""},{""type"":""integer"",""column"":""total_rows"",""default"":""0"",""nullable"":""YES""},{""type"":""integer"",""column"":""processed_rows"",""default"":""0"",""nullable"":""YES""},{""type"":""integer"",""column"":""created_rows"",""default"":""0"",""nullable"":""YES""},{""type"":""integer"",""column"":""updated_rows"",""default"":""0"",""nullable"":""YES""},{""type"":""integer"",""column"":""skipped_rows"",""default"":""0"",""nullable"":""YES""},{""type"":""integer"",""column"":""error_rows"",""default"":""0"",""nullable"":""YES""},{""type"":""jsonb"",""column"":""errors"",""default"":null,""nullable"":""YES""},{""type"":""timestamp without time zone"",""column"":""created_at"",""default"":""now()"",""nullable"":""YES""},{""type"":""timestamp without time zone"",""column"":""completed_at"",""default"":null,""nullable"":""YES""}]","[{""type"":""FOREIGN KEY"",""constraint"":""imports_account_id_fkey""},{""type"":""PRIMARY KEY"",""constraint"":""imports_pkey""},{""type"":""FOREIGN KEY"",""constraint"":""imports_user_id_fkey""},{""type"":""CHECK"",""constraint"":""2200_17907_1_not_null""},{""type"":""CHECK"",""constraint"":""2200_17907_2_not_null""},{""type"":""CHECK"",""constraint"":""2200_17907_3_not_null""},{""type"":""CHECK"",""constraint"":""2200_17907_4_not_null""}]","[{""def"":""CREATE UNIQUE INDEX imports_pkey ON public.imports USING btree (id)"",""index"":""imports_pkey""},{""def"":""CREATE INDEX idx_imports_account ON public.imports USING btree (account_id)"",""index"":""idx_imports_account""},{""def"":""CREATE INDEX idx_imports_status ON public.imports USING btree (account_id, status)"",""index"":""idx_imports_status""}]","[{""cmd"":""ALL"",""roles"":[""authenticated""],""policy"":""manage_account_data_non_recursive""},{""cmd"":""SELECT"",""roles"":[""authenticated""],""policy"":""view_account_data_non_recursive""}]"
industry_leads,"[{""type"":""uuid"",""column"":""id"",""default"":""gen_random_uuid()"",""nullable"":""NO""},{""type"":""timestamp with time zone"",""column"":""created_at"",""default"":""now()"",""nullable"":""NO""},{""type"":""timestamp with time zone"",""column"":""updated_at"",""default"":""now()"",""nullable"":""NO""},{""type"":""uuid"",""column"":""account_id"",""default"":null,""nullable"":""NO""},{""type"":""uuid"",""column"":""auth_user_id"",""default"":null,""nullable"":""YES""},{""type"":""text"",""column"":""industry"",""default"":null,""nullable"":""NO""},{""type"":""text"",""column"":""lead_name"",""default"":null,""nullable"":""NO""},{""type"":""text"",""column"":""lead_email"",""default"":null,""nullable"":""NO""},{""type"":""text"",""column"":""lead_phone"",""default"":null,""nullable"":""YES""},{""type"":""text"",""column"":""urgency"",""default"":""'scheduled'::text"",""nullable"":""NO""},{""type"":""text"",""column"":""status"",""default"":""'new'::text"",""nullable"":""NO""},{""type"":""jsonb"",""column"":""problem_description"",""default"":""'{}'::jsonb"",""nullable"":""YES""},{""type"":""jsonb"",""column"":""metadata"",""default"":""'{}'::jsonb"",""nullable"":""YES""}]","[{""type"":""FOREIGN KEY"",""constraint"":""industry_leads_account_id_fkey""},{""type"":""CHECK"",""constraint"":""industry_leads_industry_check""},{""type"":""PRIMARY KEY"",""constraint"":""industry_leads_pkey""},{""type"":""CHECK"",""constraint"":""2200_66914_1_not_null""},{""type"":""CHECK"",""constraint"":""2200_66914_2_not_null""},{""type"":""CHECK"",""constraint"":""2200_66914_3_not_null""},{""type"":""CHECK"",""constraint"":""2200_66914_4_not_null""},{""type"":""CHECK"",""constraint"":""2200_66914_6_not_null""},{""type"":""CHECK"",""constraint"":""2200_66914_7_not_null""},{""type"":""CHECK"",""constraint"":""2200_66914_8_not_null""},{""type"":""CHECK"",""constraint"":""2200_66914_10_not_null""},{""type"":""CHECK"",""constraint"":""2200_66914_11_not_null""}]","[{""def"":""CREATE UNIQUE INDEX industry_leads_pkey ON public.industry_leads USING btree (id)"",""index"":""industry_leads_pkey""}]","[{""cmd"":""ALL"",""roles"":[""public""],""policy"":""Users see own leads""}]"
knowledge_base,"[{""type"":""uuid"",""column"":""id"",""default"":""gen_random_uuid()"",""nullable"":""NO""},{""type"":""text"",""column"":""content"",""default"":null,""nullable"":""NO""},{""type"":""jsonb"",""column"":""metadata"",""default"":""'{}'::jsonb"",""nullable"":""YES""},{""type"":""text"",""column"":""category"",""default"":null,""nullable"":""NO""},{""type"":""USER-DEFINED"",""column"":""embedding"",""default"":null,""nullable"":""YES""},{""type"":""timestamp with time zone"",""column"":""created_at"",""default"":""now()"",""nullable"":""YES""}]","[{""type"":""PRIMARY KEY"",""constraint"":""knowledge_base_pkey""},{""type"":""CHECK"",""constraint"":""2200_114971_1_not_null""},{""type"":""CHECK"",""constraint"":""2200_114971_2_not_null""},{""type"":""CHECK"",""constraint"":""2200_114971_4_not_null""}]","[{""def"":""CREATE UNIQUE INDEX knowledge_base_pkey ON public.knowledge_base USING btree (id)"",""index"":""knowledge_base_pkey""},{""def"":""CREATE INDEX knowledge_base_embedding_idx ON public.knowledge_base USING ivfflat (embedding vector_cosine_ops) WITH (lists='100')"",""index"":""knowledge_base_embedding_idx""}]","[{""cmd"":""SELECT"",""roles"":[""authenticated""],""policy"":""Authenticated users can read knowledge base""},{""cmd"":""ALL"",""roles"":[""service_role""],""policy"":""Service role can manage knowledge base""}]"
lead_assignments,"[{""type"":""uuid"",""column"":""id"",""default"":""gen_random_uuid()"",""nullable"":""NO""},{""type"":""uuid"",""column"":""qualified_lead_id"",""default"":null,""nullable"":""NO""},{""type"":""uuid"",""column"":""account_id"",""default"":null,""nullable"":""NO""},{""type"":""uuid"",""column"":""contact_id"",""default"":null,""nullable"":""YES""},{""type"":""character varying"",""column"":""exclusivity"",""default"":""'shared'::character varying"",""nullable"":""YES""},{""type"":""numeric"",""column"":""price"",""default"":null,""nullable"":""YES""},{""type"":""timestamp without time zone"",""column"":""expires_at"",""default"":null,""nullable"":""YES""},{""type"":""character varying"",""column"":""status"",""default"":""'active'::character varying"",""nullable"":""YES""},{""type"":""timestamp without time zone"",""column"":""assigned_at"",""default"":""now()"",""nullable"":""YES""},{""type"":""jsonb"",""column"":""metadata"",""default"":""'{}'::jsonb"",""nullable"":""YES""}]","[{""type"":""FOREIGN KEY"",""constraint"":""lead_assignments_account_id_fkey""},{""type"":""FOREIGN KEY"",""constraint"":""lead_assignments_contact_id_fkey""},{""type"":""PRIMARY KEY"",""constraint"":""lead_assignments_pkey""},{""type"":""FOREIGN KEY"",""constraint"":""lead_assignments_qualified_lead_id_fkey""},{""type"":""CHECK"",""constraint"":""2200_17963_1_not_null""},{""type"":""CHECK"",""constraint"":""2200_17963_2_not_null""},{""type"":""CHECK"",""constraint"":""2200_17963_3_not_null""}]","[{""def"":""CREATE UNIQUE INDEX lead_assignments_pkey ON public.lead_assignments USING btree (id)"",""index"":""lead_assignments_pkey""},{""def"":""CREATE INDEX idx_lead_assignments_account ON public.lead_assignments USING btree (account_id)"",""index"":""idx_lead_assignments_account""},{""def"":""CREATE INDEX idx_lead_assignments_qualified_lead ON public.lead_assignments USING btree (qualified_lead_id)"",""index"":""idx_lead_assignments_qualified_lead""},{""def"":""CREATE INDEX idx_lead_assignments_status ON public.lead_assignments USING btree (status)"",""index"":""idx_lead_assignments_status""}]","[{""cmd"":""ALL"",""roles"":[""authenticated""],""policy"":""Users can manage account data""},{""cmd"":""SELECT"",""roles"":[""authenticated""],""policy"":""Users can view account data""},{""cmd"":""ALL"",""roles"":[""authenticated""],""policy"":""manage_account_data_non_recursive""},{""cmd"":""SELECT"",""roles"":[""authenticated""],""policy"":""view_account_data_non_recursive""}]"
lead_sources,"[{""type"":""uuid"",""column"":""id"",""default"":""gen_random_uuid()"",""nullable"":""NO""},{""type"":""character varying"",""column"":""name"",""default"":null,""nullable"":""NO""},{""type"":""character varying"",""column"":""type"",""default"":null,""nullable"":""NO""},{""type"":""text"",""column"":""license_terms"",""default"":null,""nullable"":""YES""},{""type"":""jsonb"",""column"":""metadata"",""default"":""'{}'::jsonb"",""nullable"":""YES""},{""type"":""timestamp without time zone"",""column"":""created_at"",""default"":""now()"",""nullable"":""YES""},{""type"":""uuid"",""column"":""account_id"",""default"":null,""nullable"":""YES""}]","[{""type"":""FOREIGN KEY"",""constraint"":""lead_sources_account_id_fkey""},{""type"":""PRIMARY KEY"",""constraint"":""lead_sources_pkey""},{""type"":""CHECK"",""constraint"":""2200_17935_1_not_null""},{""type"":""CHECK"",""constraint"":""2200_17935_2_not_null""},{""type"":""CHECK"",""constraint"":""2200_17935_3_not_null""}]","[{""def"":""CREATE UNIQUE INDEX lead_sources_pkey ON public.lead_sources USING btree (id)"",""index"":""lead_sources_pkey""}]","[{""cmd"":""ALL"",""roles"":[""authenticated""],""policy"":""Users can manage account data""},{""cmd"":""SELECT"",""roles"":[""authenticated""],""policy"":""Users can view account data""}]"
leads,"[{""type"":""uuid"",""column"":""id"",""default"":""gen_random_uuid()"",""nullable"":""NO""},{""type"":""text"",""column"":""name"",""default"":null,""nullable"":""YES""},{""type"":""text"",""column"":""email"",""default"":null,""nullable"":""NO""},{""type"":""text"",""column"":""phone"",""default"":null,""nullable"":""YES""},{""type"":""text"",""column"":""company"",""default"":null,""nullable"":""YES""},{""type"":""USER-DEFINED"",""column"":""status"",""default"":""'new'::waas_lead_status"",""nullable"":""NO""},{""type"":""USER-DEFINED"",""column"":""source"",""default"":""'audit_tool'::waas_lead_source"",""nullable"":""NO""},{""type"":""uuid"",""column"":""audit_id"",""default"":null,""nullable"":""YES""},{""type"":""uuid"",""column"":""tenant_id"",""default"":null,""nullable"":""YES""},{""type"":""text"",""column"":""target_url"",""default"":null,""nullable"":""YES""},{""type"":""text"",""column"":""industry"",""default"":null,""nullable"":""YES""},{""type"":""text"",""column"":""location"",""default"":null,""nullable"":""YES""},{""type"":""integer"",""column"":""score"",""default"":""0"",""nullable"":""NO""},{""type"":""text"",""column"":""notes"",""default"":null,""nullable"":""YES""},{""type"":""timestamp with time zone"",""column"":""follow_up_at"",""default"":null,""nullable"":""YES""},{""type"":""timestamp with time zone"",""column"":""contacted_at"",""default"":null,""nullable"":""YES""},{""type"":""text"",""column"":""utm_source"",""default"":null,""nullable"":""YES""},{""type"":""text"",""column"":""utm_medium"",""default"":null,""nullable"":""YES""},{""type"":""text"",""column"":""utm_campaign"",""default"":null,""nullable"":""YES""},{""type"":""text"",""column"":""referrer_url"",""default"":null,""nullable"":""YES""},{""type"":""boolean"",""column"":""report_emailed"",""default"":""false"",""nullable"":""NO""},{""type"":""timestamp with time zone"",""column"":""report_emailed_at"",""default"":null,""nullable"":""YES""},{""type"":""boolean"",""column"":""admin_notified"",""default"":""false"",""nullable"":""NO""},{""type"":""timestamp with time zone"",""column"":""admin_notified_at"",""default"":null,""nullable"":""YES""},{""type"":""timestamp with time zone"",""column"":""created_at"",""default"":""now()"",""nullable"":""NO""},{""type"":""timestamp with time zone"",""column"":""updated_at"",""default"":""now()"",""nullable"":""NO""},{""type"":""boolean"",""column"":""optimization_requested"",""default"":""false"",""nullable"":""YES""}]","[{""type"":""FOREIGN KEY"",""constraint"":""leads_audit_id_fkey""},{""type"":""PRIMARY KEY"",""constraint"":""leads_pkey""},{""type"":""FOREIGN KEY"",""constraint"":""leads_tenant_id_fkey""},{""type"":""CHECK"",""constraint"":""2200_109074_1_not_null""},{""type"":""CHECK"",""constraint"":""2200_109074_3_not_null""},{""type"":""CHECK"",""constraint"":""2200_109074_6_not_null""},{""type"":""CHECK"",""constraint"":""2200_109074_7_not_null""},{""type"":""CHECK"",""constraint"":""2200_109074_13_not_null""},{""type"":""CHECK"",""constraint"":""2200_109074_21_not_null""},{""type"":""CHECK"",""constraint"":""2200_109074_23_not_null""},{""type"":""CHECK"",""constraint"":""2200_109074_25_not_null""},{""type"":""CHECK"",""constraint"":""2200_109074_26_not_null""}]","[{""def"":""CREATE UNIQUE INDEX leads_pkey ON public.leads USING btree (id)"",""index"":""leads_pkey""},{""def"":""CREATE INDEX idx_leads_audit_id ON public.leads USING btree (audit_id) WHERE (audit_id IS NOT NULL)"",""index"":""idx_leads_audit_id""},{""def"":""CREATE INDEX idx_leads_created_at ON public.leads USING btree (created_at DESC)"",""index"":""idx_leads_created_at""},{""def"":""CREATE INDEX idx_leads_email ON public.leads USING btree (email)"",""index"":""idx_leads_email""},{""def"":""CREATE UNIQUE INDEX idx_leads_email_audit ON public.leads USING btree (email, audit_id) WHERE (audit_id IS NOT NULL)"",""index"":""idx_leads_email_audit""},{""def"":""CREATE INDEX idx_leads_follow_up ON public.leads USING btree (follow_up_at) WHERE ((follow_up_at IS NOT NULL) AND (status <> 'converted'::waas_lead_status))"",""index"":""idx_leads_follow_up""},{""def"":""CREATE INDEX idx_leads_source ON public.leads USING btree (source)"",""index"":""idx_leads_source""},{""def"":""CREATE INDEX idx_leads_status ON public.leads USING btree (status)"",""index"":""idx_leads_status""},{""def"":""CREATE INDEX idx_leads_tenant_id ON public.leads USING btree (tenant_id) WHERE (tenant_id IS NOT NULL)"",""index"":""idx_leads_tenant_id""}]","[{""cmd"":""ALL"",""roles"":[""authenticated""],""policy"":""leads_admin_all""},{""cmd"":""INSERT"",""roles"":[""anon""],""policy"":""leads_anon_insert""}]"
listing_cogs,"[{""type"":""uuid"",""column"":""id"",""default"":""gen_random_uuid()"",""nullable"":""NO""},{""type"":""uuid"",""column"":""user_id"",""default"":null,""nullable"":""NO""},{""type"":""uuid"",""column"":""org_id"",""default"":null,""nullable"":""YES""},{""type"":""text"",""column"":""ebay_sku"",""default"":null,""nullable"":""YES""},{""type"":""text"",""column"":""ebay_listing_id"",""default"":null,""nullable"":""YES""},{""type"":""text"",""column"":""title"",""default"":""''::text"",""nullable"":""NO""},{""type"":""numeric"",""column"":""cogs"",""default"":""0"",""nullable"":""NO""},{""type"":""text"",""column"":""cogs_source"",""default"":""'manual'::text"",""nullable"":""NO""},{""type"":""timestamp with time zone"",""column"":""acquired_at"",""default"":null,""nullable"":""YES""},{""type"":""timestamp with time zone"",""column"":""created_at"",""default"":""now()"",""nullable"":""NO""},{""type"":""timestamp with time zone"",""column"":""updated_at"",""default"":""now()"",""nullable"":""NO""}]","[{""type"":""FOREIGN KEY"",""constraint"":""listing_cogs_org_id_fkey""},{""type"":""PRIMARY KEY"",""constraint"":""listing_cogs_pkey""},{""type"":""FOREIGN KEY"",""constraint"":""listing_cogs_user_id_fkey""},{""type"":""CHECK"",""constraint"":""2200_98175_1_not_null""},{""type"":""CHECK"",""constraint"":""2200_98175_2_not_null""},{""type"":""CHECK"",""constraint"":""2200_98175_6_not_null""},{""type"":""CHECK"",""constraint"":""2200_98175_7_not_null""},{""type"":""CHECK"",""constraint"":""2200_98175_8_not_null""},{""type"":""CHECK"",""constraint"":""2200_98175_10_not_null""},{""type"":""CHECK"",""constraint"":""2200_98175_11_not_null""}]","[{""def"":""CREATE UNIQUE INDEX listing_cogs_pkey ON public.listing_cogs USING btree (id)"",""index"":""listing_cogs_pkey""},{""def"":""CREATE INDEX idx_listing_cogs_listing_id ON public.listing_cogs USING btree (ebay_listing_id)"",""index"":""idx_listing_cogs_listing_id""},{""def"":""CREATE INDEX idx_listing_cogs_sku ON public.listing_cogs USING btree (ebay_sku)"",""index"":""idx_listing_cogs_sku""},{""def"":""CREATE INDEX idx_listing_cogs_user_id ON public.listing_cogs USING btree (user_id)"",""index"":""idx_listing_cogs_user_id""},{""def"":""CREATE UNIQUE INDEX uq_listing_cogs_user_listing_id ON public.listing_cogs USING btree (user_id, ebay_listing_id) WHERE (ebay_listing_id IS NOT NULL)"",""index"":""uq_listing_cogs_user_listing_id""},{""def"":""CREATE UNIQUE INDEX uq_listing_cogs_user_sku ON public.listing_cogs USING btree (user_id, ebay_sku) WHERE (ebay_sku IS NOT NULL)"",""index"":""uq_listing_cogs_user_sku""}]","[{""cmd"":""ALL"",""roles"":[""authenticated""],""policy"":""Users can manage own listing_cogs""}]"
listing_edits_log,"[{""type"":""uuid"",""column"":""id"",""default"":""gen_random_uuid()"",""nullable"":""NO""},{""type"":""uuid"",""column"":""user_id"",""default"":null,""nullable"":""NO""},{""type"":""uuid"",""column"":""org_id"",""default"":null,""nullable"":""YES""},{""type"":""text"",""column"":""ebay_sku"",""default"":null,""nullable"":""YES""},{""type"":""text"",""column"":""ebay_listing_id"",""default"":null,""nullable"":""YES""},{""type"":""text"",""column"":""ebay_offer_id"",""default"":null,""nullable"":""YES""},{""type"":""ARRAY"",""column"":""fields_changed"",""default"":""'{}'::text[]"",""nullable"":""NO""},{""type"":""jsonb"",""column"":""old_values"",""default"":""'{}'::jsonb"",""nullable"":""NO""},{""type"":""jsonb"",""column"":""new_values"",""default"":""'{}'::jsonb"",""nullable"":""NO""},{""type"":""boolean"",""column"":""success"",""default"":""false"",""nullable"":""NO""},{""type"":""text"",""column"":""error_message"",""default"":null,""nullable"":""YES""},{""type"":""text"",""column"":""ebay_api_path"",""default"":null,""nullable"":""YES""},{""type"":""timestamp with time zone"",""column"":""created_at"",""default"":""now()"",""nullable"":""NO""}]","[{""type"":""FOREIGN KEY"",""constraint"":""listing_edits_log_org_id_fkey""},{""type"":""PRIMARY KEY"",""constraint"":""listing_edits_log_pkey""},{""type"":""FOREIGN KEY"",""constraint"":""listing_edits_log_user_id_fkey""},{""type"":""CHECK"",""constraint"":""2200_117462_1_not_null""},{""type"":""CHECK"",""constraint"":""2200_117462_2_not_null""},{""type"":""CHECK"",""constraint"":""2200_117462_7_not_null""},{""type"":""CHECK"",""constraint"":""2200_117462_8_not_null""},{""type"":""CHECK"",""constraint"":""2200_117462_9_not_null""},{""type"":""CHECK"",""constraint"":""2200_117462_10_not_null""},{""type"":""CHECK"",""constraint"":""2200_117462_13_not_null""}]","[{""def"":""CREATE UNIQUE INDEX listing_edits_log_pkey ON public.listing_edits_log USING btree (id)"",""index"":""listing_edits_log_pkey""},{""def"":""CREATE INDEX idx_listing_edits_sku ON public.listing_edits_log USING btree (ebay_sku)"",""index"":""idx_listing_edits_sku""},{""def"":""CREATE INDEX idx_listing_edits_listing_id ON public.listing_edits_log USING btree (ebay_listing_id)"",""index"":""idx_listing_edits_listing_id""},{""def"":""CREATE INDEX idx_listing_edits_user_id ON public.listing_edits_log USING btree (user_id)"",""index"":""idx_listing_edits_user_id""},{""def"":""CREATE INDEX idx_listing_edits_created_at ON public.listing_edits_log USING btree (created_at DESC)"",""index"":""idx_listing_edits_created_at""}]","[{""cmd"":""SELECT"",""roles"":[""authenticated""],""policy"":""Users can read own edit logs""}]"
listing_financials,"[{""type"":""uuid"",""column"":""id"",""default"":""gen_random_uuid()"",""nullable"":""NO""},{""type"":""uuid"",""column"":""user_id"",""default"":null,""nullable"":""NO""},{""type"":""text"",""column"":""order_id"",""default"":null,""nullable"":""NO""},{""type"":""text"",""column"":""ebay_listing_id"",""default"":null,""nullable"":""YES""},{""type"":""text"",""column"":""ebay_sku"",""default"":null,""nullable"":""YES""},{""type"":""text"",""column"":""title"",""default"":""''::text"",""nullable"":""NO""},{""type"":""numeric"",""column"":""sale_price"",""default"":""0"",""nullable"":""NO""},{""type"":""numeric"",""column"":""shipping_buyer_paid"",""default"":""0"",""nullable"":""NO""},{""type"":""numeric"",""column"":""ebay_fees"",""default"":""0"",""nullable"":""NO""},{""type"":""numeric"",""column"":""cogs"",""default"":null,""nullable"":""YES""},{""type"":""numeric"",""column"":""shipping_label_cost"",""default"":null,""nullable"":""YES""},{""type"":""numeric"",""column"":""refund"",""default"":""0"",""nullable"":""NO""},{""type"":""numeric"",""column"":""net_profit"",""default"":""0"",""nullable"":""NO""},{""type"":""timestamp with time zone"",""column"":""sold_at"",""default"":null,""nullable"":""NO""},{""type"":""timestamp with time zone"",""column"":""created_at"",""default"":""now()"",""nullable"":""NO""},{""type"":""timestamp with time zone"",""column"":""updated_at"",""default"":""now()"",""nullable"":""NO""},{""type"":""integer"",""column"":""quantity"",""default"":""1"",""nullable"":""NO""},{""type"":""numeric"",""column"":""unit_cogs"",""default"":null,""nullable"":""YES""},{""type"":""text"",""column"":""domain"",""default"":null,""nullable"":""YES""},{""type"":""numeric"",""column"":""time_to_sale_days"",""default"":null,""nullable"":""YES""}]","[{""type"":""PRIMARY KEY"",""constraint"":""listing_financials_pkey""},{""type"":""FOREIGN KEY"",""constraint"":""listing_financials_user_id_fkey""},{""type"":""CHECK"",""constraint"":""2200_104105_1_not_null""},{""type"":""CHECK"",""constraint"":""2200_104105_2_not_null""},{""type"":""CHECK"",""constraint"":""2200_104105_3_not_null""},{""type"":""CHECK"",""constraint"":""2200_104105_6_not_null""},{""type"":""CHECK"",""constraint"":""2200_104105_7_not_null""},{""type"":""CHECK"",""constraint"":""2200_104105_8_not_null""},{""type"":""CHECK"",""constraint"":""2200_104105_9_not_null""},{""type"":""CHECK"",""constraint"":""2200_104105_12_not_null""},{""type"":""CHECK"",""constraint"":""2200_104105_13_not_null""},{""type"":""CHECK"",""constraint"":""2200_104105_14_not_null""},{""type"":""CHECK"",""constraint"":""2200_104105_15_not_null""},{""type"":""CHECK"",""constraint"":""2200_104105_16_not_null""},{""type"":""CHECK"",""constraint"":""2200_104105_17_not_null""}]","[{""def"":""CREATE UNIQUE INDEX listing_financials_pkey ON public.listing_financials USING btree (id)"",""index"":""listing_financials_pkey""},{""def"":""CREATE INDEX idx_lf_domain ON public.listing_financials USING btree (domain) WHERE (domain IS NOT NULL)"",""index"":""idx_lf_domain""},{""def"":""CREATE INDEX idx_lf_listing_id ON public.listing_financials USING btree (ebay_listing_id) WHERE (ebay_listing_id IS NOT NULL)"",""index"":""idx_lf_listing_id""},{""def"":""CREATE INDEX idx_lf_sku ON public.listing_financials USING btree (ebay_sku) WHERE (ebay_sku IS NOT NULL)"",""index"":""idx_lf_sku""},{""def"":""CREATE INDEX idx_lf_user_sold_at ON public.listing_financials USING btree (user_id, sold_at DESC)"",""index"":""idx_lf_user_sold_at""},{""def"":""CREATE UNIQUE INDEX uidx_lf_order_listing ON public.listing_financials USING btree (user_id, order_id, ebay_listing_id) WHERE (ebay_listing_id IS NOT NULL)"",""index"":""uidx_lf_order_listing""},{""def"":""CREATE UNIQUE INDEX uidx_lf_order_sku ON public.listing_financials USING btree (user_id, order_id, ebay_sku) WHERE ((ebay_listing_id IS NULL) AND (ebay_sku IS NOT NULL))"",""index"":""uidx_lf_order_sku""}]","[{""cmd"":""ALL"",""roles"":[""authenticated""],""policy"":""Users can manage own listing_financials""}]"
lookup_decisions,"[{""type"":""bigint"",""column"":""id"",""default"":""nextval('lookup_decisions_id_seq'::regclass)"",""nullable"":""NO""},{""type"":""text"",""column"":""request_id"",""default"":null,""nullable"":""NO""},{""type"":""timestamp with time zone"",""column"":""created_at"",""default"":""now()"",""nullable"":""NO""},{""type"":""text"",""column"":""query_text"",""default"":null,""nullable"":""YES""},{""type"":""text"",""column"":""candidate_source"",""default"":null,""nullable"":""NO""},{""type"":""text"",""column"":""candidate_id"",""default"":null,""nullable"":""YES""},{""type"":""text"",""column"":""candidate_name"",""default"":null,""nullable"":""YES""},{""type"":""numeric"",""column"":""candidate_score"",""default"":""0"",""nullable"":""YES""},{""type"":""integer"",""column"":""candidate_rank"",""default"":""0"",""nullable"":""YES""},{""type"":""boolean"",""column"":""was_selected"",""default"":""false"",""nullable"":""YES""},{""type"":""text"",""column"":""reason_selected"",""default"":null,""nullable"":""YES""},{""type"":""boolean"",""column"":""verified_leaf"",""default"":null,""nullable"":""YES""},{""type"":""boolean"",""column"":""verified_active"",""default"":null,""nullable"":""YES""},{""type"":""boolean"",""column"":""persisted_to_db"",""default"":""false"",""nullable"":""YES""},{""type"":""integer"",""column"":""latency_ms"",""default"":""0"",""nullable"":""YES""},{""type"":""ARRAY"",""column"":""gate4_warnings"",""default"":null,""nullable"":""YES""}]","[{""type"":""PRIMARY KEY"",""constraint"":""lookup_decisions_pkey""},{""type"":""CHECK"",""constraint"":""2200_100658_1_not_null""},{""type"":""CHECK"",""constraint"":""2200_100658_2_not_null""},{""type"":""CHECK"",""constraint"":""2200_100658_3_not_null""},{""type"":""CHECK"",""constraint"":""2200_100658_5_not_null""}]","[{""def"":""CREATE UNIQUE INDEX lookup_decisions_pkey ON public.lookup_decisions USING btree (id)"",""index"":""lookup_decisions_pkey""},{""def"":""CREATE INDEX idx_lookup_decisions_candidate_id ON public.lookup_decisions USING btree (candidate_id) WHERE (was_selected = true)"",""index"":""idx_lookup_decisions_candidate_id""},{""def"":""CREATE INDEX idx_lookup_decisions_created_at ON public.lookup_decisions USING btree (created_at)"",""index"":""idx_lookup_decisions_created_at""},{""def"":""CREATE INDEX idx_lookup_decisions_request_id ON public.lookup_decisions USING btree (request_id)"",""index"":""idx_lookup_decisions_request_id""}]","[{""cmd"":""ALL"",""roles"":[""public""],""policy"":""Service role full access on lookup_decisions""}]"
market_price_history,"[{""type"":""uuid"",""column"":""id"",""default"":""gen_random_uuid()"",""nullable"":""NO""},{""type"":""uuid"",""column"":""watch_id"",""default"":null,""nullable"":""NO""},{""type"":""timestamp with time zone"",""column"":""sampled_at"",""default"":""now()"",""nullable"":""YES""},{""type"":""numeric"",""column"":""avg_price"",""default"":null,""nullable"":""YES""},{""type"":""numeric"",""column"":""min_price"",""default"":null,""nullable"":""YES""},{""type"":""numeric"",""column"":""max_price"",""default"":null,""nullable"":""YES""},{""type"":""numeric"",""column"":""median_price"",""default"":null,""nullable"":""YES""},{""type"":""integer"",""column"":""active_count"",""default"":""0"",""nullable"":""YES""},{""type"":""integer"",""column"":""sold_count"",""default"":""0"",""nullable"":""YES""},{""type"":""numeric"",""column"":""sell_through_rate"",""default"":null,""nullable"":""YES""}]","[{""type"":""PRIMARY KEY"",""constraint"":""market_price_history_pkey""},{""type"":""FOREIGN KEY"",""constraint"":""market_price_history_watch_id_fkey""},{""type"":""CHECK"",""constraint"":""2200_94716_1_not_null""},{""type"":""CHECK"",""constraint"":""2200_94716_2_not_null""}]","[{""def"":""CREATE UNIQUE INDEX market_price_history_pkey ON public.market_price_history USING btree (id)"",""index"":""market_price_history_pkey""},{""def"":""CREATE INDEX market_price_history_sampled_idx ON public.market_price_history USING btree (sampled_at DESC)"",""index"":""market_price_history_sampled_idx""},{""def"":""CREATE INDEX market_price_history_watch_idx ON public.market_price_history USING btree (watch_id)"",""index"":""market_price_history_watch_idx""}]","[{""cmd"":""INSERT"",""roles"":[""public""],""policy"":""Service role can insert history""},{""cmd"":""SELECT"",""roles"":[""public""],""policy"":""Users can view history for their watches""}]"
market_watches,"[{""type"":""uuid"",""column"":""id"",""default"":""gen_random_uuid()"",""nullable"":""NO""},{""type"":""uuid"",""column"":""user_id"",""default"":null,""nullable"":""NO""},{""type"":""uuid"",""column"":""org_id"",""default"":null,""nullable"":""YES""},{""type"":""text"",""column"":""search_query"",""default"":null,""nullable"":""NO""},{""type"":""text"",""column"":""category_id"",""default"":null,""nullable"":""YES""},{""type"":""text"",""column"":""label"",""default"":null,""nullable"":""YES""},{""type"":""timestamp with time zone"",""column"":""last_checked_at"",""default"":null,""nullable"":""YES""},{""type"":""numeric"",""column"":""avg_price"",""default"":null,""nullable"":""YES""},{""type"":""numeric"",""column"":""min_price"",""default"":null,""nullable"":""YES""},{""type"":""numeric"",""column"":""max_price"",""default"":null,""nullable"":""YES""},{""type"":""numeric"",""column"":""median_price"",""default"":null,""nullable"":""YES""},{""type"":""integer"",""column"":""active_count"",""default"":""0"",""nullable"":""YES""},{""type"":""integer"",""column"":""sold_count"",""default"":""0"",""nullable"":""YES""},{""type"":""numeric"",""column"":""sell_through_rate"",""default"":null,""nullable"":""YES""},{""type"":""timestamp with time zone"",""column"":""created_at"",""default"":""now()"",""nullable"":""YES""},{""type"":""timestamp with time zone"",""column"":""updated_at"",""default"":""now()"",""nullable"":""YES""}]","[{""type"":""FOREIGN KEY"",""constraint"":""market_watches_org_id_fkey""},{""type"":""PRIMARY KEY"",""constraint"":""market_watches_pkey""},{""type"":""FOREIGN KEY"",""constraint"":""market_watches_user_id_fkey""},{""type"":""CHECK"",""constraint"":""2200_94691_1_not_null""},{""type"":""CHECK"",""constraint"":""2200_94691_2_not_null""},{""type"":""CHECK"",""constraint"":""2200_94691_4_not_null""}]","[{""def"":""CREATE UNIQUE INDEX market_watches_pkey ON public.market_watches USING btree (id)"",""index"":""market_watches_pkey""},{""def"":""CREATE INDEX market_watches_org_idx ON public.market_watches USING btree (org_id)"",""index"":""market_watches_org_idx""},{""def"":""CREATE INDEX market_watches_user_idx ON public.market_watches USING btree (user_id)"",""index"":""market_watches_user_idx""}]","[{""cmd"":""ALL"",""roles"":[""public""],""policy"":""Users can manage their own market watches""}]"
messages,"[{""type"":""uuid"",""column"":""id"",""default"":""gen_random_uuid()"",""nullable"":""NO""},{""type"":""uuid"",""column"":""account_id"",""default"":null,""nullable"":""NO""},{""type"":""uuid"",""column"":""campaign_id"",""default"":null,""nullable"":""YES""},{""type"":""uuid"",""column"":""contact_id"",""default"":null,""nullable"":""NO""},{""type"":""uuid"",""column"":""activity_id"",""default"":null,""nullable"":""YES""},{""type"":""uuid"",""column"":""user_id"",""default"":null,""nullable"":""YES""},{""type"":""character varying"",""column"":""direction"",""default"":""'outbound'::character varying"",""nullable"":""YES""},{""type"":""character varying"",""column"":""channel"",""default"":null,""nullable"":""NO""},{""type"":""character varying"",""column"":""status"",""default"":""'pending'::character varying"",""nullable"":""YES""},{""type"":""character varying"",""column"":""provider"",""default"":null,""nullable"":""YES""},{""type"":""character varying"",""column"":""provider_message_id"",""default"":null,""nullable"":""YES""},{""type"":""character varying"",""column"":""provider_thread_id"",""default"":null,""nullable"":""YES""},{""type"":""character varying"",""column"":""rfc822_message_id"",""default"":null,""nullable"":""YES""},{""type"":""character varying"",""column"":""in_reply_to"",""default"":null,""nullable"":""YES""},{""type"":""jsonb"",""column"":""references"",""default"":null,""nullable"":""YES""},{""type"":""jsonb"",""column"":""to_addresses"",""default"":null,""nullable"":""YES""},{""type"":""jsonb"",""column"":""cc_addresses"",""default"":null,""nullable"":""YES""},{""type"":""jsonb"",""column"":""bcc_addresses"",""default"":null,""nullable"":""YES""},{""type"":""character varying"",""column"":""subject"",""default"":null,""nullable"":""YES""},{""type"":""text"",""column"":""body"",""default"":null,""nullable"":""YES""},{""type"":""jsonb"",""column"":""headers"",""default"":null,""nullable"":""YES""},{""type"":""timestamp without time zone"",""column"":""sent_at"",""default"":null,""nullable"":""YES""},{""type"":""timestamp without time zone"",""column"":""delivered_at"",""default"":null,""nullable"":""YES""},{""type"":""timestamp without time zone"",""column"":""opened_at"",""default"":null,""nullable"":""YES""},{""type"":""timestamp without time zone"",""column"":""clicked_at"",""default"":null,""nullable"":""YES""},{""type"":""timestamp without time zone"",""column"":""bounced_at"",""default"":null,""nullable"":""YES""},{""type"":""timestamp without time zone"",""column"":""complained_at"",""default"":null,""nullable"":""YES""},{""type"":""timestamp without time zone"",""column"":""unsubscribed_at"",""default"":null,""nullable"":""YES""},{""type"":""jsonb"",""column"":""metadata"",""default"":""'{}'::jsonb"",""nullable"":""YES""}]","[{""type"":""FOREIGN KEY"",""constraint"":""messages_account_id_fkey""},{""type"":""FOREIGN KEY"",""constraint"":""messages_activity_id_fkey""},{""type"":""FOREIGN KEY"",""constraint"":""messages_campaign_id_fkey""},{""type"":""FOREIGN KEY"",""constraint"":""messages_contact_id_fkey""},{""type"":""PRIMARY KEY"",""constraint"":""messages_pkey""},{""type"":""FOREIGN KEY"",""constraint"":""messages_user_id_fkey""},{""type"":""CHECK"",""constraint"":""2200_17787_1_not_null""},{""type"":""CHECK"",""constraint"":""2200_17787_2_not_null""},{""type"":""CHECK"",""constraint"":""2200_17787_4_not_null""},{""type"":""CHECK"",""constraint"":""2200_17787_8_not_null""}]","[{""def"":""CREATE UNIQUE INDEX messages_pkey ON public.messages USING btree (id)"",""index"":""messages_pkey""},{""def"":""CREATE INDEX idx_messages_account ON public.messages USING btree (account_id)"",""index"":""idx_messages_account""},{""def"":""CREATE INDEX idx_messages_account_id ON public.messages USING btree (account_id)"",""index"":""idx_messages_account_id""},{""def"":""CREATE INDEX idx_messages_campaign ON public.messages USING btree (campaign_id)"",""index"":""idx_messages_campaign""},{""def"":""CREATE INDEX idx_messages_contact ON public.messages USING btree (contact_id)"",""index"":""idx_messages_contact""},{""def"":""CREATE INDEX idx_messages_provider_message_id ON public.messages USING btree (provider_message_id)"",""index"":""idx_messages_provider_message_id""},{""def"":""CREATE INDEX idx_messages_status ON public.messages USING btree (account_id, status)"",""index"":""idx_messages_status""}]","[{""cmd"":""ALL"",""roles"":[""authenticated""],""policy"":""manage_account_data_non_recursive""},{""cmd"":""SELECT"",""roles"":[""authenticated""],""policy"":""view_account_data_non_recursive""}]"
model_performance,"[{""type"":""uuid"",""column"":""id"",""default"":""gen_random_uuid()"",""nullable"":""NO""},{""type"":""uuid"",""column"":""account_id"",""default"":null,""nullable"":""NO""},{""type"":""character varying"",""column"":""model_version"",""default"":null,""nullable"":""NO""},{""type"":""character varying"",""column"":""model_type"",""default"":null,""nullable"":""NO""},{""type"":""character varying"",""column"":""metric_name"",""default"":null,""nullable"":""NO""},{""type"":""numeric"",""column"":""metric_value"",""default"":null,""nullable"":""NO""},{""type"":""integer"",""column"":""training_samples"",""default"":null,""nullable"":""YES""},{""type"":""integer"",""column"":""validation_samples"",""default"":null,""nullable"":""YES""},{""type"":""integer"",""column"":""test_samples"",""default"":null,""nullable"":""YES""},{""type"":""integer"",""column"":""training_duration_seconds"",""default"":null,""nullable"":""YES""},{""type"":""timestamp with time zone"",""column"":""training_date"",""default"":""now()"",""nullable"":""YES""},{""type"":""boolean"",""column"":""is_active"",""default"":""true"",""nullable"":""YES""},{""type"":""text"",""column"":""notes"",""default"":null,""nullable"":""YES""}]","[{""type"":""FOREIGN KEY"",""constraint"":""fk_model_performance_account""},{""type"":""FOREIGN KEY"",""constraint"":""model_performance_account_id_fkey""},{""type"":""PRIMARY KEY"",""constraint"":""model_performance_pkey""},{""type"":""CHECK"",""constraint"":""2200_31487_1_not_null""},{""type"":""CHECK"",""constraint"":""2200_31487_2_not_null""},{""type"":""CHECK"",""constraint"":""2200_31487_3_not_null""},{""type"":""CHECK"",""constraint"":""2200_31487_4_not_null""},{""type"":""CHECK"",""constraint"":""2200_31487_5_not_null""},{""type"":""CHECK"",""constraint"":""2200_31487_6_not_null""}]","[{""def"":""CREATE UNIQUE INDEX model_performance_pkey ON public.model_performance USING btree (id)"",""index"":""model_performance_pkey""},{""def"":""CREATE INDEX idx_model_performance_account ON public.model_performance USING btree (account_id)"",""index"":""idx_model_performance_account""},{""def"":""CREATE INDEX idx_model_performance_active ON public.model_performance USING btree (is_active)"",""index"":""idx_model_performance_active""},{""def"":""CREATE INDEX idx_model_performance_date ON public.model_performance USING btree (training_date)"",""index"":""idx_model_performance_date""},{""def"":""CREATE INDEX idx_model_performance_version ON public.model_performance USING btree (model_version)"",""index"":""idx_model_performance_version""}]","[{""cmd"":""ALL"",""roles"":[""authenticated""],""policy"":""manage_account_data_non_recursive""},{""cmd"":""SELECT"",""roles"":[""authenticated""],""policy"":""view_account_data_non_recursive""}]"
model_readiness,"[{""type"":""uuid"",""column"":""id"",""default"":""gen_random_uuid()"",""nullable"":""NO""},{""type"":""uuid"",""column"":""account_id"",""default"":null,""nullable"":""NO""},{""type"":""character varying"",""column"":""model_type"",""default"":null,""nullable"":""NO""},{""type"":""boolean"",""column"":""is_ready"",""default"":""false"",""nullable"":""YES""},{""type"":""numeric"",""column"":""readiness_score"",""default"":null,""nullable"":""YES""},{""type"":""integer"",""column"":""required_won_deals"",""default"":""50"",""nullable"":""YES""},{""type"":""integer"",""column"":""required_lost_deals"",""default"":""50"",""nullable"":""YES""},{""type"":""integer"",""column"":""current_won_deals"",""default"":""0"",""nullable"":""YES""},{""type"":""integer"",""column"":""current_lost_deals"",""default"":""0"",""nullable"":""YES""},{""type"":""integer"",""column"":""required_contacts"",""default"":""100"",""nullable"":""YES""},{""type"":""integer"",""column"":""current_contacts"",""default"":""0"",""nullable"":""YES""},{""type"":""integer"",""column"":""required_activities"",""default"":""200"",""nullable"":""YES""},{""type"":""integer"",""column"":""current_activities"",""default"":""0"",""nullable"":""YES""},{""type"":""numeric"",""column"":""min_data_quality_score"",""default"":""0.7"",""nullable"":""YES""},{""type"":""numeric"",""column"":""current_data_quality_score"",""default"":null,""nullable"":""YES""},{""type"":""text"",""column"":""readiness_message"",""default"":null,""nullable"":""YES""},{""type"":""timestamp with time zone"",""column"":""last_checked_at"",""default"":""now()"",""nullable"":""YES""},{""type"":""timestamp with time zone"",""column"":""created_at"",""default"":""now()"",""nullable"":""YES""},{""type"":""timestamp with time zone"",""column"":""updated_at"",""default"":""now()"",""nullable"":""YES""}]","[{""type"":""FOREIGN KEY"",""constraint"":""fk_model_readiness_account""},{""type"":""FOREIGN KEY"",""constraint"":""model_readiness_account_id_fkey""},{""type"":""UNIQUE"",""constraint"":""model_readiness_account_id_model_type_key""},{""type"":""PRIMARY KEY"",""constraint"":""model_readiness_pkey""},{""type"":""CHECK"",""constraint"":""2200_31566_1_not_null""},{""type"":""CHECK"",""constraint"":""2200_31566_2_not_null""},{""type"":""CHECK"",""constraint"":""2200_31566_3_not_null""}]","[{""def"":""CREATE UNIQUE INDEX model_readiness_account_id_model_type_key ON public.model_readiness USING btree (account_id, model_type)"",""index"":""model_readiness_account_id_model_type_key""},{""def"":""CREATE UNIQUE INDEX model_readiness_pkey ON public.model_readiness USING btree (id)"",""index"":""model_readiness_pkey""},{""def"":""CREATE INDEX idx_model_readiness_account ON public.model_readiness USING btree (account_id)"",""index"":""idx_model_readiness_account""},{""def"":""CREATE INDEX idx_model_readiness_ready ON public.model_readiness USING btree (is_ready)"",""index"":""idx_model_readiness_ready""}]","[{""cmd"":""ALL"",""roles"":[""authenticated""],""policy"":""manage_account_data_non_recursive""},{""cmd"":""SELECT"",""roles"":[""authenticated""],""policy"":""view_account_data_non_recursive""}]"
notification_log,"[{""type"":""uuid"",""column"":""id"",""default"":""gen_random_uuid()"",""nullable"":""NO""},{""type"":""uuid"",""column"":""tenant_id"",""default"":null,""nullable"":""YES""},{""type"":""text"",""column"":""recipient_email"",""default"":null,""nullable"":""NO""},{""type"":""text"",""column"":""notification_type"",""default"":null,""nullable"":""NO""},{""type"":""text"",""column"":""subject"",""default"":null,""nullable"":""NO""},{""type"":""jsonb"",""column"":""template_data"",""default"":""'{}'::jsonb"",""nullable"":""NO""},{""type"":""text"",""column"":""status"",""default"":""'sent'::text"",""nullable"":""NO""},{""type"":""text"",""column"":""provider"",""default"":null,""nullable"":""YES""},{""type"":""text"",""column"":""provider_message_id"",""default"":null,""nullable"":""YES""},{""type"":""text"",""column"":""error_message"",""default"":null,""nullable"":""YES""},{""type"":""text"",""column"":""dedup_key"",""default"":null,""nullable"":""YES""},{""type"":""timestamp with time zone"",""column"":""created_at"",""default"":""now()"",""nullable"":""NO""}]","[{""type"":""PRIMARY KEY"",""constraint"":""notification_log_pkey""},{""type"":""CHECK"",""constraint"":""notification_log_status_check""},{""type"":""FOREIGN KEY"",""constraint"":""notification_log_tenant_id_fkey""},{""type"":""CHECK"",""constraint"":""2200_114091_1_not_null""},{""type"":""CHECK"",""constraint"":""2200_114091_3_not_null""},{""type"":""CHECK"",""constraint"":""2200_114091_4_not_null""},{""type"":""CHECK"",""constraint"":""2200_114091_5_not_null""},{""type"":""CHECK"",""constraint"":""2200_114091_6_not_null""},{""type"":""CHECK"",""constraint"":""2200_114091_7_not_null""},{""type"":""CHECK"",""constraint"":""2200_114091_12_not_null""}]","[{""def"":""CREATE UNIQUE INDEX notification_log_pkey ON public.notification_log USING btree (id)"",""index"":""notification_log_pkey""},{""def"":""CREATE INDEX idx_notification_log_dedup_key ON public.notification_log USING btree (dedup_key) WHERE (dedup_key IS NOT NULL)"",""index"":""idx_notification_log_dedup_key""},{""def"":""CREATE INDEX idx_notification_log_tenant_id ON public.notification_log USING btree (tenant_id) WHERE (tenant_id IS NOT NULL)"",""index"":""idx_notification_log_tenant_id""},{""def"":""CREATE INDEX idx_notification_log_type_created ON public.notification_log USING btree (notification_type, created_at DESC)"",""index"":""idx_notification_log_type_created""}]","[{""cmd"":""ALL"",""roles"":[""service_role""],""policy"":""service_role_full_access_notification_log""}]"
optimization_history,"[{""type"":""uuid"",""column"":""id"",""default"":""gen_random_uuid()"",""nullable"":""NO""},{""type"":""uuid"",""column"":""user_id"",""default"":null,""nullable"":""NO""},{""type"":""text"",""column"":""listing_id"",""default"":null,""nullable"":""NO""},{""type"":""text"",""column"":""listing_title"",""default"":null,""nullable"":""YES""},{""type"":""text"",""column"":""optimization_type"",""default"":null,""nullable"":""NO""},{""type"":""text"",""column"":""old_value"",""default"":null,""nullable"":""YES""},{""type"":""text"",""column"":""new_value"",""default"":null,""nullable"":""YES""},{""type"":""text"",""column"":""reasoning"",""default"":null,""nullable"":""YES""},{""type"":""timestamp with time zone"",""column"":""applied_at"",""default"":""now()"",""nullable"":""YES""},{""type"":""text"",""column"":""applied_by"",""default"":""'user'::text"",""nullable"":""YES""},{""type"":""text"",""column"":""result"",""default"":""'accepted'::text"",""nullable"":""YES""},{""type"":""timestamp with time zone"",""column"":""created_at"",""default"":""now()"",""nullable"":""YES""}]","[{""type"":""CHECK"",""constraint"":""optimization_history_applied_by_check""},{""type"":""CHECK"",""constraint"":""optimization_history_optimization_type_check""},{""type"":""PRIMARY KEY"",""constraint"":""optimization_history_pkey""},{""type"":""CHECK"",""constraint"":""optimization_history_result_check""},{""type"":""FOREIGN KEY"",""constraint"":""optimization_history_user_id_fkey""},{""type"":""CHECK"",""constraint"":""2200_95870_1_not_null""},{""type"":""CHECK"",""constraint"":""2200_95870_2_not_null""},{""type"":""CHECK"",""constraint"":""2200_95870_3_not_null""},{""type"":""CHECK"",""constraint"":""2200_95870_5_not_null""}]","[{""def"":""CREATE UNIQUE INDEX optimization_history_pkey ON public.optimization_history USING btree (id)"",""index"":""optimization_history_pkey""},{""def"":""CREATE INDEX optimization_history_applied_at_idx ON public.optimization_history USING btree (applied_at DESC)"",""index"":""optimization_history_applied_at_idx""},{""def"":""CREATE INDEX optimization_history_listing_idx ON public.optimization_history USING btree (listing_id)"",""index"":""optimization_history_listing_idx""},{""def"":""CREATE INDEX optimization_history_user_idx ON public.optimization_history USING btree (user_id)"",""index"":""optimization_history_user_idx""}]","[{""cmd"":""ALL"",""roles"":[""public""],""policy"":""Users can manage own optimization history""},{""cmd"":""ALL"",""roles"":[""public""],""policy"":""Users can manage their own optimization history""}]"
org_invitations,"[{""type"":""uuid"",""column"":""id"",""default"":""gen_random_uuid()"",""nullable"":""NO""},{""type"":""uuid"",""column"":""org_id"",""default"":null,""nullable"":""NO""},{""type"":""text"",""column"":""email"",""default"":null,""nullable"":""NO""},{""type"":""uuid"",""column"":""invited_by"",""default"":null,""nullable"":""NO""},{""type"":""text"",""column"":""status"",""default"":""'pending'::text"",""nullable"":""NO""},{""type"":""timestamp with time zone"",""column"":""created_at"",""default"":""now()"",""nullable"":""NO""}]","[{""type"":""UNIQUE"",""constraint"":""org_invitations_org_id_email_key""},{""type"":""FOREIGN KEY"",""constraint"":""org_invitations_org_id_fkey""},{""type"":""PRIMARY KEY"",""constraint"":""org_invitations_pkey""},{""type"":""CHECK"",""constraint"":""2200_81936_1_not_null""},{""type"":""CHECK"",""constraint"":""2200_81936_2_not_null""},{""type"":""CHECK"",""constraint"":""2200_81936_3_not_null""},{""type"":""CHECK"",""constraint"":""2200_81936_4_not_null""},{""type"":""CHECK"",""constraint"":""2200_81936_5_not_null""},{""type"":""CHECK"",""constraint"":""2200_81936_6_not_null""}]","[{""def"":""CREATE UNIQUE INDEX org_invitations_org_id_email_key ON public.org_invitations USING btree (org_id, email)"",""index"":""org_invitations_org_id_email_key""},{""def"":""CREATE UNIQUE INDEX org_invitations_pkey ON public.org_invitations USING btree (id)"",""index"":""org_invitations_pkey""}]","[{""cmd"":""SELECT"",""roles"":[""authenticated""],""policy"":""Invited user can view own invitations""},{""cmd"":""ALL"",""roles"":[""authenticated""],""policy"":""Org owner can manage invitations""}]"
org_members,"[{""type"":""uuid"",""column"":""id"",""default"":""gen_random_uuid()"",""nullable"":""NO""},{""type"":""uuid"",""column"":""org_id"",""default"":null,""nullable"":""NO""},{""type"":""uuid"",""column"":""user_id"",""default"":null,""nullable"":""NO""},{""type"":""USER-DEFINED"",""column"":""role"",""default"":""'lister'::org_role"",""nullable"":""NO""},{""type"":""timestamp with time zone"",""column"":""created_at"",""default"":""now()"",""nullable"":""NO""}]","[{""type"":""FOREIGN KEY"",""constraint"":""org_members_org_id_fkey""},{""type"":""UNIQUE"",""constraint"":""org_members_org_id_user_id_key""},{""type"":""PRIMARY KEY"",""constraint"":""org_members_pkey""},{""type"":""CHECK"",""constraint"":""2200_81921_1_not_null""},{""type"":""CHECK"",""constraint"":""2200_81921_2_not_null""},{""type"":""CHECK"",""constraint"":""2200_81921_3_not_null""},{""type"":""CHECK"",""constraint"":""2200_81921_4_not_null""},{""type"":""CHECK"",""constraint"":""2200_81921_5_not_null""}]","[{""def"":""CREATE UNIQUE INDEX org_members_org_id_user_id_key ON public.org_members USING btree (org_id, user_id)"",""index"":""org_members_org_id_user_id_key""},{""def"":""CREATE UNIQUE INDEX org_members_pkey ON public.org_members USING btree (id)"",""index"":""org_members_pkey""}]","[{""cmd"":""SELECT"",""roles"":[""authenticated""],""policy"":""Org members can view members""},{""cmd"":""DELETE"",""roles"":[""authenticated""],""policy"":""Org owner can delete members""},{""cmd"":""INSERT"",""roles"":[""authenticated""],""policy"":""Org owner can insert members""}]"
organizations,"[{""type"":""uuid"",""column"":""id"",""default"":""gen_random_uuid()"",""nullable"":""NO""},{""type"":""text"",""column"":""name"",""default"":null,""nullable"":""NO""},{""type"":""uuid"",""column"":""owner_id"",""default"":null,""nullable"":""NO""},{""type"":""timestamp with time zone"",""column"":""created_at"",""default"":""now()"",""nullable"":""NO""},{""type"":""smallint"",""column"":""free_tier_reset_day"",""default"":null,""nullable"":""YES""}]","[{""type"":""CHECK"",""constraint"":""organizations_free_tier_reset_day_check""},{""type"":""PRIMARY KEY"",""constraint"":""organizations_pkey""},{""type"":""CHECK"",""constraint"":""2200_81906_1_not_null""},{""type"":""CHECK"",""constraint"":""2200_81906_2_not_null""},{""type"":""CHECK"",""constraint"":""2200_81906_3_not_null""},{""type"":""CHECK"",""constraint"":""2200_81906_4_not_null""}]","[{""def"":""CREATE UNIQUE INDEX organizations_pkey ON public.organizations USING btree (id)"",""index"":""organizations_pkey""}]","[{""cmd"":""INSERT"",""roles"":[""authenticated""],""policy"":""Authenticated users can create orgs""},{""cmd"":""SELECT"",""roles"":[""authenticated""],""policy"":""Org members can view org""},{""cmd"":""UPDATE"",""roles"":[""authenticated""],""policy"":""Owner can update org""}]"
pipeline_stages,"[{""type"":""uuid"",""column"":""id"",""default"":""gen_random_uuid()"",""nullable"":""NO""},{""type"":""uuid"",""column"":""pipeline_id"",""default"":null,""nullable"":""NO""},{""type"":""character varying"",""column"":""name"",""default"":null,""nullable"":""NO""},{""type"":""integer"",""column"":""position"",""default"":null,""nullable"":""NO""},{""type"":""integer"",""column"":""probability"",""default"":""0"",""nullable"":""YES""},{""type"":""boolean"",""column"":""is_closed_won"",""default"":""false"",""nullable"":""YES""},{""type"":""boolean"",""column"":""is_closed_lost"",""default"":""false"",""nullable"":""YES""},{""type"":""timestamp without time zone"",""column"":""created_at"",""default"":""now()"",""nullable"":""YES""}]","[{""type"":""FOREIGN KEY"",""constraint"":""pipeline_stages_pipeline_id_fkey""},{""type"":""UNIQUE"",""constraint"":""pipeline_stages_pipeline_id_position_key""},{""type"":""PRIMARY KEY"",""constraint"":""pipeline_stages_pkey""},{""type"":""CHECK"",""constraint"":""2200_17606_1_not_null""},{""type"":""CHECK"",""constraint"":""2200_17606_2_not_null""},{""type"":""CHECK"",""constraint"":""2200_17606_3_not_null""},{""type"":""CHECK"",""constraint"":""2200_17606_4_not_null""}]","[{""def"":""CREATE UNIQUE INDEX pipeline_stages_pipeline_id_position_key ON public.pipeline_stages USING btree (pipeline_id, \""position\"")"",""index"":""pipeline_stages_pipeline_id_position_key""},{""def"":""CREATE UNIQUE INDEX pipeline_stages_pkey ON public.pipeline_stages USING btree (id)"",""index"":""pipeline_stages_pkey""},{""def"":""CREATE INDEX idx_pipeline_stages_pipeline ON public.pipeline_stages USING btree (pipeline_id)"",""index"":""idx_pipeline_stages_pipeline""}]","[{""cmd"":""DELETE"",""roles"":[""authenticated""],""policy"":""Users can delete pipeline stages in their account""},{""cmd"":""INSERT"",""roles"":[""authenticated""],""policy"":""Users can insert pipeline stages in their account""},{""cmd"":""UPDATE"",""roles"":[""authenticated""],""policy"":""Users can update pipeline stages in their account""},{""cmd"":""SELECT"",""roles"":[""authenticated""],""policy"":""Users can view pipeline stages in their account""},{""cmd"":""DELETE"",""roles"":[""public""],""policy"":""pipeline_stages_delete""},{""cmd"":""INSERT"",""roles"":[""public""],""policy"":""pipeline_stages_insert""},{""cmd"":""SELECT"",""roles"":[""public""],""policy"":""pipeline_stages_select""},{""cmd"":""UPDATE"",""roles"":[""public""],""policy"":""pipeline_stages_update""}]"
pipelines,"[{""type"":""uuid"",""column"":""id"",""default"":""gen_random_uuid()"",""nullable"":""NO""},{""type"":""uuid"",""column"":""account_id"",""default"":null,""nullable"":""NO""},{""type"":""character varying"",""column"":""name"",""default"":null,""nullable"":""NO""},{""type"":""boolean"",""column"":""is_default"",""default"":""false"",""nullable"":""YES""},{""type"":""integer"",""column"":""position"",""default"":""0"",""nullable"":""YES""},{""type"":""timestamp without time zone"",""column"":""created_at"",""default"":""now()"",""nullable"":""YES""},{""type"":""timestamp without time zone"",""column"":""updated_at"",""default"":""now()"",""nullable"":""YES""}]","[{""type"":""FOREIGN KEY"",""constraint"":""pipelines_account_id_fkey""},{""type"":""PRIMARY KEY"",""constraint"":""pipelines_pkey""},{""type"":""CHECK"",""constraint"":""2200_17590_1_not_null""},{""type"":""CHECK"",""constraint"":""2200_17590_2_not_null""},{""type"":""CHECK"",""constraint"":""2200_17590_3_not_null""}]","[{""def"":""CREATE UNIQUE INDEX pipelines_pkey ON public.pipelines USING btree (id)"",""index"":""pipelines_pkey""},{""def"":""CREATE INDEX idx_pipelines_account_id ON public.pipelines USING btree (account_id)"",""index"":""idx_pipelines_account_id""}]","[{""cmd"":""ALL"",""roles"":[""authenticated""],""policy"":""Users can manage account data""},{""cmd"":""SELECT"",""roles"":[""authenticated""],""policy"":""Users can view account data""},{""cmd"":""ALL"",""roles"":[""authenticated""],""policy"":""manage_account_data_non_recursive""},{""cmd"":""SELECT"",""roles"":[""authenticated""],""policy"":""view_account_data_non_recursive""}]"
prediction_history,"[{""type"":""uuid"",""column"":""id"",""default"":""gen_random_uuid()"",""nullable"":""NO""},{""type"":""uuid"",""column"":""account_id"",""default"":null,""nullable"":""NO""},{""type"":""uuid"",""column"":""contact_id"",""default"":null,""nullable"":""NO""},{""type"":""character varying"",""column"":""model_version"",""default"":null,""nullable"":""NO""},{""type"":""character varying"",""column"":""model_type"",""default"":null,""nullable"":""NO""},{""type"":""numeric"",""column"":""predicted_probability"",""default"":null,""nullable"":""NO""},{""type"":""numeric"",""column"":""confidence_score"",""default"":null,""nullable"":""YES""},{""type"":""character varying"",""column"":""lead_segment"",""default"":null,""nullable"":""YES""},{""type"":""jsonb"",""column"":""contributing_factors"",""default"":null,""nullable"":""YES""},{""type"":""jsonb"",""column"":""recommended_actions"",""default"":null,""nullable"":""YES""},{""type"":""character varying"",""column"":""actual_outcome"",""default"":null,""nullable"":""YES""},{""type"":""timestamp with time zone"",""column"":""outcome_date"",""default"":null,""nullable"":""YES""},{""type"":""timestamp with time zone"",""column"":""prediction_date"",""default"":""now()"",""nullable"":""YES""}]","[{""type"":""FOREIGN KEY"",""constraint"":""fk_prediction_history_account""},{""type"":""FOREIGN KEY"",""constraint"":""fk_prediction_history_contact""},{""type"":""FOREIGN KEY"",""constraint"":""prediction_history_account_id_fkey""},{""type"":""FOREIGN KEY"",""constraint"":""prediction_history_contact_id_fkey""},{""type"":""PRIMARY KEY"",""constraint"":""prediction_history_pkey""},{""type"":""CHECK"",""constraint"":""2200_31511_1_not_null""},{""type"":""CHECK"",""constraint"":""2200_31511_2_not_null""},{""type"":""CHECK"",""constraint"":""2200_31511_3_not_null""},{""type"":""CHECK"",""constraint"":""2200_31511_4_not_null""},{""type"":""CHECK"",""constraint"":""2200_31511_5_not_null""},{""type"":""CHECK"",""constraint"":""2200_31511_6_not_null""}]","[{""def"":""CREATE UNIQUE INDEX prediction_history_pkey ON public.prediction_history USING btree (id)"",""index"":""prediction_history_pkey""},{""def"":""CREATE INDEX idx_prediction_history_account ON public.prediction_history USING btree (account_id)"",""index"":""idx_prediction_history_account""},{""def"":""CREATE INDEX idx_prediction_history_contact ON public.prediction_history USING btree (contact_id)"",""index"":""idx_prediction_history_contact""},{""def"":""CREATE INDEX idx_prediction_history_date ON public.prediction_history USING btree (prediction_date)"",""index"":""idx_prediction_history_date""},{""def"":""CREATE INDEX idx_prediction_history_outcome ON public.prediction_history USING btree (actual_outcome)"",""index"":""idx_prediction_history_outcome""}]","[{""cmd"":""ALL"",""roles"":[""authenticated""],""policy"":""manage_account_data_non_recursive""},{""cmd"":""SELECT"",""roles"":[""authenticated""],""policy"":""view_account_data_non_recursive""}]"
profiles,"[{""type"":""uuid"",""column"":""id"",""default"":null,""nullable"":""NO""},{""type"":""text"",""column"":""display_name"",""default"":null,""nullable"":""YES""},{""type"":""text"",""column"":""avatar_url"",""default"":null,""nullable"":""YES""},{""type"":""timestamp with time zone"",""column"":""created_at"",""default"":""now()"",""nullable"":""NO""},{""type"":""timestamp with time zone"",""column"":""updated_at"",""default"":""now()"",""nullable"":""NO""},{""type"":""text"",""column"":""ebay_access_token"",""default"":null,""nullable"":""YES""},{""type"":""text"",""column"":""ebay_refresh_token"",""default"":null,""nullable"":""YES""},{""type"":""timestamp with time zone"",""column"":""ebay_token_expires_at"",""default"":null,""nullable"":""YES""},{""type"":""text"",""column"":""postal_code"",""default"":null,""nullable"":""YES""},{""type"":""text"",""column"":""stripe_customer_id"",""default"":null,""nullable"":""YES""},{""type"":""text"",""column"":""city"",""default"":null,""nullable"":""YES""},{""type"":""text"",""column"":""ebay_username"",""default"":null,""nullable"":""YES""},{""type"":""text"",""column"":""ebay_account_type"",""default"":null,""nullable"":""YES""},{""type"":""integer"",""column"":""next_sku_sequence"",""default"":""1000"",""nullable"":""NO""},{""type"":""timestamp with time zone"",""column"":""last_ebay_sync_at"",""default"":null,""nullable"":""YES""}]","[{""type"":""CHECK"",""constraint"":""profiles_ebay_account_type_check""},{""type"":""FOREIGN KEY"",""constraint"":""profiles_id_fkey""},{""type"":""PRIMARY KEY"",""constraint"":""profiles_pkey""},{""type"":""UNIQUE"",""constraint"":""profiles_stripe_customer_id_key""},{""type"":""CHECK"",""constraint"":""2200_82170_1_not_null""},{""type"":""CHECK"",""constraint"":""2200_82170_4_not_null""},{""type"":""CHECK"",""constraint"":""2200_82170_5_not_null""},{""type"":""CHECK"",""constraint"":""2200_82170_14_not_null""}]","[{""def"":""CREATE UNIQUE INDEX profiles_pkey ON public.profiles USING btree (id)"",""index"":""profiles_pkey""},{""def"":""CREATE UNIQUE INDEX profiles_stripe_customer_id_key ON public.profiles USING btree (stripe_customer_id)"",""index"":""profiles_stripe_customer_id_key""},{""def"":""CREATE INDEX idx_profiles_last_ebay_sync_at_connected ON public.profiles USING btree (last_ebay_sync_at NULLS FIRST) WHERE (ebay_refresh_token IS NOT NULL)"",""index"":""idx_profiles_last_ebay_sync_at_connected""}]","[{""cmd"":""SELECT"",""roles"":[""authenticated""],""policy"":""Org members can view member profiles""},{""cmd"":""DELETE"",""roles"":[""authenticated""],""policy"":""Users can delete own profile""},{""cmd"":""INSERT"",""roles"":[""authenticated""],""policy"":""Users can insert own profile""},{""cmd"":""UPDATE"",""roles"":[""authenticated""],""policy"":""Users can update own profile""},{""cmd"":""SELECT"",""roles"":[""authenticated""],""policy"":""Users can view own profile""}]"
qualified_leads_global,"[{""type"":""uuid"",""column"":""id"",""default"":""gen_random_uuid()"",""nullable"":""NO""},{""type"":""uuid"",""column"":""source_id"",""default"":null,""nullable"":""YES""},{""type"":""character varying"",""column"":""vertical"",""default"":null,""nullable"":""NO""},{""type"":""character varying"",""column"":""first_name"",""default"":null,""nullable"":""YES""},{""type"":""character varying"",""column"":""last_name"",""default"":null,""nullable"":""YES""},{""type"":""character varying"",""column"":""email"",""default"":null,""nullable"":""YES""},{""type"":""character varying"",""column"":""normalized_email"",""default"":null,""nullable"":""YES""},{""type"":""character varying"",""column"":""phone"",""default"":null,""nullable"":""YES""},{""type"":""character varying"",""column"":""phone_e164"",""default"":null,""nullable"":""YES""},{""type"":""jsonb"",""column"":""geography"",""default"":null,""nullable"":""YES""},{""type"":""jsonb"",""column"":""firmographics"",""default"":null,""nullable"":""YES""},{""type"":""integer"",""column"":""quality_score"",""default"":null,""nullable"":""YES""},{""type"":""jsonb"",""column"":""contactability_flags"",""default"":null,""nullable"":""YES""},{""type"":""text"",""column"":""notes"",""default"":null,""nullable"":""YES""},{""type"":""timestamp without time zone"",""column"":""created_at"",""default"":""now()"",""nullable"":""YES""},{""type"":""timestamp without time zone"",""column"":""updated_at"",""default"":""now()"",""nullable"":""YES""},{""type"":""uuid"",""column"":""account_id"",""default"":null,""nullable"":""YES""}]","[{""type"":""FOREIGN KEY"",""constraint"":""qualified_leads_global_account_id_fkey""},{""type"":""PRIMARY KEY"",""constraint"":""qualified_leads_global_pkey""},{""type"":""FOREIGN KEY"",""constraint"":""qualified_leads_global_source_id_fkey""},{""type"":""CHECK"",""constraint"":""2200_17945_1_not_null""},{""type"":""CHECK"",""constraint"":""2200_17945_3_not_null""}]","[{""def"":""CREATE UNIQUE INDEX qualified_leads_global_pkey ON public.qualified_leads_global USING btree (id)"",""index"":""qualified_leads_global_pkey""},{""def"":""CREATE INDEX idx_qualified_leads_email ON public.qualified_leads_global USING btree (normalized_email)"",""index"":""idx_qualified_leads_email""},{""def"":""CREATE INDEX idx_qualified_leads_quality ON public.qualified_leads_global USING btree (quality_score DESC)"",""index"":""idx_qualified_leads_quality""},{""def"":""CREATE INDEX idx_qualified_leads_vertical ON public.qualified_leads_global USING btree (vertical)"",""index"":""idx_qualified_leads_vertical""}]","[{""cmd"":""ALL"",""roles"":[""authenticated""],""policy"":""Users can manage account data""},{""cmd"":""SELECT"",""roles"":[""authenticated""],""policy"":""Users can view account data""}]"
reprice_rules,"[{""type"":""uuid"",""column"":""id"",""default"":""gen_random_uuid()"",""nullable"":""NO""},{""type"":""uuid"",""column"":""user_id"",""default"":null,""nullable"":""NO""},{""type"":""text"",""column"":""rule_name"",""default"":null,""nullable"":""NO""},{""type"":""text"",""column"":""rule_type"",""default"":null,""nullable"":""NO""},{""type"":""numeric"",""column"":""adjustment_pct"",""default"":""0"",""nullable"":""YES""},{""type"":""numeric"",""column"":""floor_price"",""default"":null,""nullable"":""YES""},{""type"":""numeric"",""column"":""ceiling_price"",""default"":null,""nullable"":""YES""},{""type"":""text"",""column"":""category_filter"",""default"":null,""nullable"":""YES""},{""type"":""boolean"",""column"":""is_enabled"",""default"":""true"",""nullable"":""YES""},{""type"":""timestamp with time zone"",""column"":""created_at"",""default"":""now()"",""nullable"":""YES""},{""type"":""timestamp with time zone"",""column"":""updated_at"",""default"":""now()"",""nullable"":""YES""}]","[{""type"":""PRIMARY KEY"",""constraint"":""reprice_rules_pkey""},{""type"":""CHECK"",""constraint"":""reprice_rules_rule_type_check""},{""type"":""FOREIGN KEY"",""constraint"":""reprice_rules_user_id_fkey""},{""type"":""CHECK"",""constraint"":""2200_95850_1_not_null""},{""type"":""CHECK"",""constraint"":""2200_95850_2_not_null""},{""type"":""CHECK"",""constraint"":""2200_95850_3_not_null""},{""type"":""CHECK"",""constraint"":""2200_95850_4_not_null""}]","[{""def"":""CREATE UNIQUE INDEX reprice_rules_pkey ON public.reprice_rules USING btree (id)"",""index"":""reprice_rules_pkey""},{""def"":""CREATE INDEX reprice_rules_user_idx ON public.reprice_rules USING btree (user_id)"",""index"":""reprice_rules_user_idx""}]","[{""cmd"":""ALL"",""roles"":[""public""],""policy"":""Users can manage own reprice rules""},{""cmd"":""ALL"",""roles"":[""public""],""policy"":""Users can manage their own reprice rules""}]"
sequence_steps,"[{""type"":""uuid"",""column"":""id"",""default"":""gen_random_uuid()"",""nullable"":""NO""},{""type"":""uuid"",""column"":""campaign_id"",""default"":null,""nullable"":""NO""},{""type"":""integer"",""column"":""step_number"",""default"":null,""nullable"":""NO""},{""type"":""integer"",""column"":""delay_hours"",""default"":null,""nullable"":""NO""},{""type"":""jsonb"",""column"":""window"",""default"":null,""nullable"":""YES""},{""type"":""uuid"",""column"":""template_id"",""default"":null,""nullable"":""YES""},{""type"":""jsonb"",""column"":""metadata"",""default"":""'{}'::jsonb"",""nullable"":""YES""}]","[{""type"":""FOREIGN KEY"",""constraint"":""sequence_steps_campaign_id_fkey""},{""type"":""UNIQUE"",""constraint"":""sequence_steps_campaign_id_step_number_key""},{""type"":""PRIMARY KEY"",""constraint"":""sequence_steps_pkey""},{""type"":""FOREIGN KEY"",""constraint"":""sequence_steps_template_id_fkey""},{""type"":""CHECK"",""constraint"":""2200_17765_1_not_null""},{""type"":""CHECK"",""constraint"":""2200_17765_2_not_null""},{""type"":""CHECK"",""constraint"":""2200_17765_3_not_null""},{""type"":""CHECK"",""constraint"":""2200_17765_4_not_null""}]","[{""def"":""CREATE UNIQUE INDEX sequence_steps_campaign_id_step_number_key ON public.sequence_steps USING btree (campaign_id, step_number)"",""index"":""sequence_steps_campaign_id_step_number_key""},{""def"":""CREATE UNIQUE INDEX sequence_steps_pkey ON public.sequence_steps USING btree (id)"",""index"":""sequence_steps_pkey""},{""def"":""CREATE INDEX idx_sequence_steps_campaign ON public.sequence_steps USING btree (campaign_id)"",""index"":""idx_sequence_steps_campaign""}]","[{""cmd"":""DELETE"",""roles"":[""public""],""policy"":""sequence_steps_delete""},{""cmd"":""INSERT"",""roles"":[""public""],""policy"":""sequence_steps_insert""},{""cmd"":""SELECT"",""roles"":[""public""],""policy"":""sequence_steps_select""},{""cmd"":""UPDATE"",""roles"":[""public""],""policy"":""sequence_steps_update""}]"
site_templates,"[{""type"":""uuid"",""column"":""id"",""default"":""gen_random_uuid()"",""nullable"":""NO""},{""type"":""text"",""column"":""name"",""default"":null,""nullable"":""NO""},{""type"":""text"",""column"":""slug"",""default"":null,""nullable"":""NO""},{""type"":""text"",""column"":""description"",""default"":null,""nullable"":""YES""},{""type"":""text"",""column"":""preview_image_url"",""default"":null,""nullable"":""YES""},{""type"":""jsonb"",""column"":""default_layout_json"",""default"":""'[]'::jsonb"",""nullable"":""NO""},{""type"":""text"",""column"":""base_css"",""default"":null,""nullable"":""YES""},{""type"":""boolean"",""column"":""is_active"",""default"":""true"",""nullable"":""NO""},{""type"":""boolean"",""column"":""is_default"",""default"":""false"",""nullable"":""NO""},{""type"":""timestamp with time zone"",""column"":""created_at"",""default"":""now()"",""nullable"":""NO""},{""type"":""timestamp with time zone"",""column"":""updated_at"",""default"":""now()"",""nullable"":""NO""}]","[{""type"":""PRIMARY KEY"",""constraint"":""site_templates_pkey""},{""type"":""UNIQUE"",""constraint"":""site_templates_slug_key""},{""type"":""CHECK"",""constraint"":""2200_113723_1_not_null""},{""type"":""CHECK"",""constraint"":""2200_113723_2_not_null""},{""type"":""CHECK"",""constraint"":""2200_113723_3_not_null""},{""type"":""CHECK"",""constraint"":""2200_113723_6_not_null""},{""type"":""CHECK"",""constraint"":""2200_113723_8_not_null""},{""type"":""CHECK"",""constraint"":""2200_113723_9_not_null""},{""type"":""CHECK"",""constraint"":""2200_113723_10_not_null""},{""type"":""CHECK"",""constraint"":""2200_113723_11_not_null""}]","[{""def"":""CREATE UNIQUE INDEX site_templates_pkey ON public.site_templates USING btree (id)"",""index"":""site_templates_pkey""},{""def"":""CREATE UNIQUE INDEX site_templates_slug_key ON public.site_templates USING btree (slug)"",""index"":""site_templates_slug_key""},{""def"":""CREATE INDEX idx_site_templates_is_active ON public.site_templates USING btree (is_active) WHERE (is_active = true)"",""index"":""idx_site_templates_is_active""},{""def"":""CREATE INDEX idx_site_templates_slug ON public.site_templates USING btree (slug)"",""index"":""idx_site_templates_slug""}]","[{""cmd"":""ALL"",""roles"":[""authenticated""],""policy"":""site_templates_admin_all""},{""cmd"":""SELECT"",""roles"":[""anon"",""authenticated""],""policy"":""site_templates_public_read""}]"
smile_assessments,"[{""type"":""uuid"",""column"":""id"",""default"":""gen_random_uuid()"",""nullable"":""NO""},{""type"":""timestamp with time zone"",""column"":""created_at"",""default"":""now()"",""nullable"":""YES""},{""type"":""timestamp with time zone"",""column"":""updated_at"",""default"":""now()"",""nullable"":""YES""},{""type"":""uuid"",""column"":""account_id"",""default"":null,""nullable"":""NO""},{""type"":""uuid"",""column"":""auth_user_id"",""default"":null,""nullable"":""YES""},{""type"":""text"",""column"":""patient_name"",""default"":null,""nullable"":""YES""},{""type"":""text"",""column"":""patient_email"",""default"":null,""nullable"":""YES""},{""type"":""text"",""column"":""patient_phone"",""default"":null,""nullable"":""YES""},{""type"":""date"",""column"":""patient_dob"",""default"":null,""nullable"":""YES""},{""type"":""ARRAY"",""column"":""smile_goals"",""default"":""'{}'::text[]"",""nullable"":""YES""},{""type"":""ARRAY"",""column"":""medical_conditions"",""default"":""'{}'::text[]"",""nullable"":""YES""},{""type"":""text"",""column"":""current_concerns"",""default"":null,""nullable"":""YES""},{""type"":""text"",""column"":""pain_sensitivity"",""default"":null,""nullable"":""YES""},{""type"":""text"",""column"":""desired_outcome"",""default"":null,""nullable"":""YES""},{""type"":""text"",""column"":""dentist_name"",""default"":null,""nullable"":""YES""},{""type"":""text"",""column"":""last_dental_visit"",""default"":null,""nullable"":""YES""},{""type"":""boolean"",""column"":""dental_insurance"",""default"":""false"",""nullable"":""YES""},{""type"":""text"",""column"":""insurance_provider"",""default"":null,""nullable"":""YES""},{""type"":""text"",""column"":""medications"",""default"":null,""nullable"":""YES""},{""type"":""text"",""column"":""allergies"",""default"":null,""nullable"":""YES""},{""type"":""text"",""column"":""status"",""default"":""'pending'::text"",""nullable"":""YES""}]","[{""type"":""FOREIGN KEY"",""constraint"":""smile_assessments_account_id_fkey""},{""type"":""PRIMARY KEY"",""constraint"":""smile_assessments_pkey""},{""type"":""CHECK"",""constraint"":""2200_67002_1_not_null""},{""type"":""CHECK"",""constraint"":""2200_67002_4_not_null""}]","[{""def"":""CREATE UNIQUE INDEX smile_assessments_pkey ON public.smile_assessments USING btree (id)"",""index"":""smile_assessments_pkey""}]","[{""cmd"":""INSERT"",""roles"":[""anon""],""policy"":""Public intake blind insert""},{""cmd"":""ALL"",""roles"":[""authenticated""],""policy"":""Staff account isolation""}]"
spot_price_cache,"[{""type"":""integer"",""column"":""id"",""default"":""1"",""nullable"":""NO""},{""type"":""numeric"",""column"":""gold"",""default"":null,""nullable"":""NO""},{""type"":""numeric"",""column"":""silver"",""default"":null,""nullable"":""NO""},{""type"":""numeric"",""column"":""platinum"",""default"":null,""nullable"":""NO""},{""type"":""timestamp with time zone"",""column"":""fetched_at"",""default"":""now()"",""nullable"":""NO""},{""type"":""text"",""column"":""source"",""default"":""'metals.dev'::text"",""nullable"":""NO""}]","[{""type"":""CHECK"",""constraint"":""spot_price_cache_id_check""},{""type"":""PRIMARY KEY"",""constraint"":""spot_price_cache_pkey""},{""type"":""CHECK"",""constraint"":""2200_81729_1_not_null""},{""type"":""CHECK"",""constraint"":""2200_81729_2_not_null""},{""type"":""CHECK"",""constraint"":""2200_81729_3_not_null""},{""type"":""CHECK"",""constraint"":""2200_81729_4_not_null""},{""type"":""CHECK"",""constraint"":""2200_81729_5_not_null""},{""type"":""CHECK"",""constraint"":""2200_81729_6_not_null""}]","[{""def"":""CREATE UNIQUE INDEX spot_price_cache_pkey ON public.spot_price_cache USING btree (id)"",""index"":""spot_price_cache_pkey""}]","[{""cmd"":""SELECT"",""roles"":[""public""],""policy"":""Anyone can read spot price cache""}]"
subscriptions,"[{""type"":""uuid"",""column"":""id"",""default"":""gen_random_uuid()"",""nullable"":""NO""},{""type"":""uuid"",""column"":""user_id"",""default"":null,""nullable"":""NO""},{""type"":""uuid"",""column"":""org_id"",""default"":null,""nullable"":""YES""},{""type"":""text"",""column"":""stripe_sub_id"",""default"":null,""nullable"":""YES""},{""type"":""text"",""column"":""stripe_cust_id"",""default"":null,""nullable"":""YES""},{""type"":""text"",""column"":""product_id"",""default"":null,""nullable"":""YES""},{""type"":""text"",""column"":""price_id"",""default"":null,""nullable"":""YES""},{""type"":""text"",""column"":""status"",""default"":""'inactive'::text"",""nullable"":""NO""},{""type"":""timestamp with time zone"",""column"":""current_period_end"",""default"":null,""nullable"":""YES""},{""type"":""boolean"",""column"":""cancel_at_period_end"",""default"":""false"",""nullable"":""YES""},{""type"":""timestamp with time zone"",""column"":""updated_at"",""default"":""now()"",""nullable"":""NO""}]","[{""type"":""FOREIGN KEY"",""constraint"":""subscriptions_org_id_fkey""},{""type"":""PRIMARY KEY"",""constraint"":""subscriptions_pkey""},{""type"":""CHECK"",""constraint"":""subscriptions_status_check""},{""type"":""UNIQUE"",""constraint"":""subscriptions_stripe_sub_id_key""},{""type"":""FOREIGN KEY"",""constraint"":""subscriptions_user_id_fkey""},{""type"":""CHECK"",""constraint"":""2200_85661_1_not_null""},{""type"":""CHECK"",""constraint"":""2200_85661_2_not_null""},{""type"":""CHECK"",""constraint"":""2200_85661_8_not_null""},{""type"":""CHECK"",""constraint"":""2200_85661_11_not_null""}]","[{""def"":""CREATE UNIQUE INDEX subscriptions_pkey ON public.subscriptions USING btree (id)"",""index"":""subscriptions_pkey""},{""def"":""CREATE UNIQUE INDEX subscriptions_stripe_sub_id_key ON public.subscriptions USING btree (stripe_sub_id)"",""index"":""subscriptions_stripe_sub_id_key""},{""def"":""CREATE INDEX idx_subscriptions_status ON public.subscriptions USING btree (status)"",""index"":""idx_subscriptions_status""},{""def"":""CREATE INDEX idx_subscriptions_user_id ON public.subscriptions USING btree (user_id)"",""index"":""idx_subscriptions_user_id""},{""def"":""CREATE INDEX idx_subscriptions_stripe_sub_id ON public.subscriptions USING btree (stripe_sub_id)"",""index"":""idx_subscriptions_stripe_sub_id""},{""def"":""CREATE INDEX idx_subscriptions_stripe_cust_id ON public.subscriptions USING btree (stripe_cust_id)"",""index"":""idx_subscriptions_stripe_cust_id""}]","[{""cmd"":""SELECT"",""roles"":[""authenticated""],""policy"":""Users can read own subscription""}]"
support_tickets,"[{""type"":""uuid"",""column"":""id"",""default"":""gen_random_uuid()"",""nullable"":""NO""},{""type"":""uuid"",""column"":""user_id"",""default"":null,""nullable"":""NO""},{""type"":""text"",""column"":""type"",""default"":""'bug'::text"",""nullable"":""NO""},{""type"":""text"",""column"":""subject"",""default"":null,""nullable"":""NO""},{""type"":""text"",""column"":""description"",""default"":""''::text"",""nullable"":""NO""},{""type"":""text"",""column"":""status"",""default"":""'open'::text"",""nullable"":""NO""},{""type"":""timestamp with time zone"",""column"":""created_at"",""default"":""now()"",""nullable"":""NO""}]","[{""type"":""PRIMARY KEY"",""constraint"":""support_tickets_pkey""},{""type"":""CHECK"",""constraint"":""2200_81976_1_not_null""},{""type"":""CHECK"",""constraint"":""2200_81976_2_not_null""},{""type"":""CHECK"",""constraint"":""2200_81976_3_not_null""},{""type"":""CHECK"",""constraint"":""2200_81976_4_not_null""},{""type"":""CHECK"",""constraint"":""2200_81976_5_not_null""},{""type"":""CHECK"",""constraint"":""2200_81976_6_not_null""},{""type"":""CHECK"",""constraint"":""2200_81976_7_not_null""}]","[{""def"":""CREATE UNIQUE INDEX support_tickets_pkey ON public.support_tickets USING btree (id)"",""index"":""support_tickets_pkey""}]","[{""cmd"":""INSERT"",""roles"":[""authenticated""],""policy"":""Users can insert own tickets""},{""cmd"":""SELECT"",""roles"":[""authenticated""],""policy"":""Users can view own tickets""},{""cmd"":""ALL"",""roles"":[""public""],""policy"":""Users manage own tickets""}]"
suppression_list,"[{""type"":""uuid"",""column"":""id"",""default"":""gen_random_uuid()"",""nullable"":""NO""},{""type"":""uuid"",""column"":""account_id"",""default"":null,""nullable"":""NO""},{""type"":""character varying"",""column"":""email"",""default"":null,""nullable"":""NO""},{""type"":""character varying"",""column"":""reason"",""default"":null,""nullable"":""NO""},{""type"":""character varying"",""column"":""source"",""default"":null,""nullable"":""YES""},{""type"":""timestamp without time zone"",""column"":""created_at"",""default"":""now()"",""nullable"":""YES""}]","[{""type"":""UNIQUE"",""constraint"":""suppression_list_account_id_email_key""},{""type"":""FOREIGN KEY"",""constraint"":""suppression_list_account_id_fkey""},{""type"":""PRIMARY KEY"",""constraint"":""suppression_list_pkey""},{""type"":""CHECK"",""constraint"":""2200_17848_1_not_null""},{""type"":""CHECK"",""constraint"":""2200_17848_2_not_null""},{""type"":""CHECK"",""constraint"":""2200_17848_3_not_null""},{""type"":""CHECK"",""constraint"":""2200_17848_4_not_null""}]","[{""def"":""CREATE UNIQUE INDEX suppression_list_account_id_email_key ON public.suppression_list USING btree (account_id, email)"",""index"":""suppression_list_account_id_email_key""},{""def"":""CREATE UNIQUE INDEX suppression_list_pkey ON public.suppression_list USING btree (id)"",""index"":""suppression_list_pkey""},{""def"":""CREATE INDEX idx_suppression_account_email ON public.suppression_list USING btree (account_id, email)"",""index"":""idx_suppression_account_email""}]","[{""cmd"":""ALL"",""roles"":[""authenticated""],""policy"":""manage_account_data_non_recursive""},{""cmd"":""SELECT"",""roles"":[""authenticated""],""policy"":""view_account_data_non_recursive""}]"
tenant_site_config,"[{""type"":""uuid"",""column"":""id"",""default"":""gen_random_uuid()"",""nullable"":""NO""},{""type"":""uuid"",""column"":""tenant_id"",""default"":null,""nullable"":""NO""},{""type"":""uuid"",""column"":""template_id"",""default"":null,""nullable"":""YES""},{""type"":""jsonb"",""column"":""active_sections_json"",""default"":""'[]'::jsonb"",""nullable"":""NO""},{""type"":""text"",""column"":""custom_css"",""default"":null,""nullable"":""YES""},{""type"":""text"",""column"":""meta_title"",""default"":null,""nullable"":""YES""},{""type"":""text"",""column"":""meta_description"",""default"":null,""nullable"":""YES""},{""type"":""text"",""column"":""og_image_url"",""default"":null,""nullable"":""YES""},{""type"":""text"",""column"":""deployment_url"",""default"":null,""nullable"":""YES""},{""type"":""timestamp with time zone"",""column"":""deployed_at"",""default"":null,""nullable"":""YES""},{""type"":""timestamp with time zone"",""column"":""last_preview_at"",""default"":null,""nullable"":""YES""},{""type"":""timestamp with time zone"",""column"":""created_at"",""default"":""now()"",""nullable"":""NO""},{""type"":""timestamp with time zone"",""column"":""updated_at"",""default"":""now()"",""nullable"":""NO""},{""type"":""text"",""column"":""client_review_token"",""default"":null,""nullable"":""YES""},{""type"":""text"",""column"":""client_selected_template_slug"",""default"":null,""nullable"":""YES""},{""type"":""timestamp with time zone"",""column"":""client_selected_at"",""default"":null,""nullable"":""YES""},{""type"":""text"",""column"":""client_feedback_tone"",""default"":null,""nullable"":""YES""},{""type"":""text"",""column"":""client_feedback_cta_intensity"",""default"":null,""nullable"":""YES""},{""type"":""text"",""column"":""client_feedback_layout_preference"",""default"":null,""nullable"":""YES""},{""type"":""text"",""column"":""client_feedback_notes"",""default"":null,""nullable"":""YES""},{""type"":""timestamp with time zone"",""column"":""client_feedback_submitted_at"",""default"":null,""nullable"":""YES""},{""type"":""jsonb"",""column"":""client_mix_source_templates"",""default"":null,""nullable"":""YES""},{""type"":""timestamp with time zone"",""column"":""client_mix_submitted_at"",""default"":null,""nullable"":""YES""},{""type"":""timestamp with time zone"",""column"":""client_edit_session_started_at"",""default"":null,""nullable"":""YES""},{""type"":""timestamp with time zone"",""column"":""client_approval_at"",""default"":null,""nullable"":""YES""},{""type"":""text"",""column"":""client_approved_by_token_hash"",""default"":null,""nullable"":""YES""},{""type"":""text"",""column"":""client_approval_note"",""default"":null,""nullable"":""YES""},{""type"":""boolean"",""column"":""client_approval_locked"",""default"":""false"",""nullable"":""NO""},{""type"":""ARRAY"",""column"":""seo_keywords"",""default"":null,""nullable"":""YES""},{""type"":""text"",""column"":""seo_keywords_provider"",""default"":null,""nullable"":""YES""},{""type"":""timestamp with time zone"",""column"":""seo_last_generated_at"",""default"":null,""nullable"":""YES""},{""type"":""jsonb"",""column"":""template_browse_history"",""default"":""'[]'::jsonb"",""nullable"":""NO""},{""type"":""timestamp with time zone"",""column"":""initial_build_completed_at"",""default"":null,""nullable"":""YES""},{""type"":""timestamp with time zone"",""column"":""ai_enhancement_completed_at"",""default"":null,""nullable"":""YES""},{""type"":""text"",""column"":""ai_enhancement_status"",""default"":null,""nullable"":""YES""},{""type"":""jsonb"",""column"":""website_blocks"",""default"":null,""nullable"":""YES""},{""type"":""text"",""column"":""website_html"",""default"":null,""nullable"":""YES""}]","[{""type"":""CHECK"",""constraint"":""chk_ai_enhancement_status""},{""type"":""PRIMARY KEY"",""constraint"":""tenant_site_config_pkey""},{""type"":""FOREIGN KEY"",""constraint"":""tenant_site_config_template_id_fkey""},{""type"":""FOREIGN KEY"",""constraint"":""tenant_site_config_tenant_id_fkey""},{""type"":""UNIQUE"",""constraint"":""tenant_site_config_tenant_id_key""},{""type"":""CHECK"",""constraint"":""2200_113738_1_not_null""},{""type"":""CHECK"",""constraint"":""2200_113738_2_not_null""},{""type"":""CHECK"",""constraint"":""2200_113738_4_not_null""},{""type"":""CHECK"",""constraint"":""2200_113738_12_not_null""},{""type"":""CHECK"",""constraint"":""2200_113738_13_not_null""},{""type"":""CHECK"",""constraint"":""2200_113738_28_not_null""},{""type"":""CHECK"",""constraint"":""2200_113738_32_not_null""}]","[{""def"":""CREATE UNIQUE INDEX tenant_site_config_pkey ON public.tenant_site_config USING btree (id)"",""index"":""tenant_site_config_pkey""},{""def"":""CREATE UNIQUE INDEX tenant_site_config_tenant_id_key ON public.tenant_site_config USING btree (tenant_id)"",""index"":""tenant_site_config_tenant_id_key""},{""def"":""CREATE INDEX idx_tenant_site_config_ai_status ON public.tenant_site_config USING btree (ai_enhancement_status) WHERE (ai_enhancement_status = ANY (ARRAY['in_progress'::text, 'failed'::text]))"",""index"":""idx_tenant_site_config_ai_status""},{""def"":""CREATE INDEX idx_tenant_site_config_build_pending_ai ON public.tenant_site_config USING btree (initial_build_completed_at) WHERE ((initial_build_completed_at IS NOT NULL) AND (ai_enhancement_completed_at IS NULL))"",""index"":""idx_tenant_site_config_build_pending_ai""},{""def"":""CREATE INDEX idx_tenant_site_config_client_approval_at ON public.tenant_site_config USING btree (client_approval_at) WHERE (client_approval_at IS NOT NULL)"",""index"":""idx_tenant_site_config_client_approval_at""},{""def"":""CREATE INDEX idx_tenant_site_config_client_feedback_submitted_at ON public.tenant_site_config USING btree (client_feedback_submitted_at) WHERE (client_feedback_submitted_at IS NOT NULL)"",""index"":""idx_tenant_site_config_client_feedback_submitted_at""},{""def"":""CREATE INDEX idx_tenant_site_config_client_mix_submitted_at ON public.tenant_site_config USING btree (client_mix_submitted_at) WHERE (client_mix_submitted_at IS NOT NULL)"",""index"":""idx_tenant_site_config_client_mix_submitted_at""},{""def"":""CREATE UNIQUE INDEX idx_tenant_site_config_client_review_token ON public.tenant_site_config USING btree (client_review_token) WHERE (client_review_token IS NOT NULL)"",""index"":""idx_tenant_site_config_client_review_token""},{""def"":""CREATE INDEX idx_tenant_site_config_client_selected_at ON public.tenant_site_config USING btree (client_selected_at) WHERE (client_selected_at IS NOT NULL)"",""index"":""idx_tenant_site_config_client_selected_at""},{""def"":""CREATE INDEX idx_tenant_site_config_pending_deploy ON public.tenant_site_config USING btree (client_approval_at, client_approval_locked) WHERE ((client_approval_at IS NOT NULL) AND (client_approval_locked = true))"",""index"":""idx_tenant_site_config_pending_deploy""},{""def"":""CREATE INDEX idx_tenant_site_config_seo_generated_at ON public.tenant_site_config USING btree (seo_last_generated_at) WHERE (seo_last_generated_at IS NULL)"",""index"":""idx_tenant_site_config_seo_generated_at""},{""def"":""CREATE INDEX idx_tenant_site_config_template_id ON public.tenant_site_config USING btree (template_id)"",""index"":""idx_tenant_site_config_template_id""},{""def"":""CREATE INDEX idx_tenant_site_config_tenant_id ON public.tenant_site_config USING btree (tenant_id)"",""index"":""idx_tenant_site_config_tenant_id""}]","[{""cmd"":""ALL"",""roles"":[""authenticated""],""policy"":""tenant_site_config_admin_all""},{""cmd"":""SELECT"",""roles"":[""anon"",""authenticated""],""policy"":""tenant_site_config_public_read""}]"
tenant_site_deployments,"[{""type"":""uuid"",""column"":""id"",""default"":""gen_random_uuid()"",""nullable"":""NO""},{""type"":""uuid"",""column"":""tenant_id"",""default"":null,""nullable"":""NO""},{""type"":""text"",""column"":""deployed_by"",""default"":""'admin_console'::text"",""nullable"":""NO""},{""type"":""uuid"",""column"":""source_version_id"",""default"":null,""nullable"":""YES""},{""type"":""jsonb"",""column"":""deployment_payload_json"",""default"":""'{}'::jsonb"",""nullable"":""NO""},{""type"":""timestamp with time zone"",""column"":""created_at"",""default"":""now()"",""nullable"":""NO""}]","[{""type"":""PRIMARY KEY"",""constraint"":""tenant_site_deployments_pkey""},{""type"":""FOREIGN KEY"",""constraint"":""tenant_site_deployments_source_version_id_fkey""},{""type"":""FOREIGN KEY"",""constraint"":""tenant_site_deployments_tenant_id_fkey""},{""type"":""CHECK"",""constraint"":""2200_113804_1_not_null""},{""type"":""CHECK"",""constraint"":""2200_113804_2_not_null""},{""type"":""CHECK"",""constraint"":""2200_113804_3_not_null""},{""type"":""CHECK"",""constraint"":""2200_113804_5_not_null""},{""type"":""CHECK"",""constraint"":""2200_113804_6_not_null""}]","[{""def"":""CREATE UNIQUE INDEX tenant_site_deployments_pkey ON public.tenant_site_deployments USING btree (id)"",""index"":""tenant_site_deployments_pkey""},{""def"":""CREATE INDEX idx_tenant_site_deployments_tenant_created ON public.tenant_site_deployments USING btree (tenant_id, created_at DESC)"",""index"":""idx_tenant_site_deployments_tenant_created""}]","[{""cmd"":""ALL"",""roles"":[""authenticated""],""policy"":""tenant_site_deployments_admin_all""}]"
tenant_site_variants,"[{""type"":""uuid"",""column"":""id"",""default"":""gen_random_uuid()"",""nullable"":""NO""},{""type"":""uuid"",""column"":""tenant_id"",""default"":null,""nullable"":""NO""},{""type"":""integer"",""column"":""variant_index"",""default"":null,""nullable"":""NO""},{""type"":""text"",""column"":""variant_label"",""default"":null,""nullable"":""NO""},{""type"":""text"",""column"":""variant_rationale"",""default"":null,""nullable"":""YES""},{""type"":""text"",""column"":""template_slug"",""default"":null,""nullable"":""NO""},{""type"":""jsonb"",""column"":""sections_json"",""default"":""'[]'::jsonb"",""nullable"":""NO""},{""type"":""text"",""column"":""generation_notes"",""default"":null,""nullable"":""YES""},{""type"":""text"",""column"":""status"",""default"":""'generated'::text"",""nullable"":""NO""},{""type"":""timestamp with time zone"",""column"":""generated_at"",""default"":""now()"",""nullable"":""NO""},{""type"":""timestamp with time zone"",""column"":""created_at"",""default"":""now()"",""nullable"":""NO""},{""type"":""timestamp with time zone"",""column"":""updated_at"",""default"":""now()"",""nullable"":""NO""},{""type"":""timestamp with time zone"",""column"":""client_last_edited_at"",""default"":null,""nullable"":""YES""},{""type"":""integer"",""column"":""client_edit_count"",""default"":""0"",""nullable"":""NO""},{""type"":""jsonb"",""column"":""approved_sections_json"",""default"":null,""nullable"":""YES""}]","[{""type"":""PRIMARY KEY"",""constraint"":""tenant_site_variants_pkey""},{""type"":""CHECK"",""constraint"":""tenant_site_variants_status_check""},{""type"":""FOREIGN KEY"",""constraint"":""tenant_site_variants_tenant_id_fkey""},{""type"":""UNIQUE"",""constraint"":""tenant_site_variants_tenant_id_variant_index_key""},{""type"":""CHECK"",""constraint"":""tenant_site_variants_variant_index_check""},{""type"":""CHECK"",""constraint"":""2200_113951_1_not_null""},{""type"":""CHECK"",""constraint"":""2200_113951_2_not_null""},{""type"":""CHECK"",""constraint"":""2200_113951_3_not_null""},{""type"":""CHECK"",""constraint"":""2200_113951_4_not_null""},{""type"":""CHECK"",""constraint"":""2200_113951_6_not_null""},{""type"":""CHECK"",""constraint"":""2200_113951_7_not_null""},{""type"":""CHECK"",""constraint"":""2200_113951_9_not_null""},{""type"":""CHECK"",""constraint"":""2200_113951_10_not_null""},{""type"":""CHECK"",""constraint"":""2200_113951_11_not_null""},{""type"":""CHECK"",""constraint"":""2200_113951_12_not_null""},{""type"":""CHECK"",""constraint"":""2200_113951_14_not_null""}]","[{""def"":""CREATE UNIQUE INDEX tenant_site_variants_pkey ON public.tenant_site_variants USING btree (id)"",""index"":""tenant_site_variants_pkey""},{""def"":""CREATE UNIQUE INDEX tenant_site_variants_tenant_id_variant_index_key ON public.tenant_site_variants USING btree (tenant_id, variant_index)"",""index"":""tenant_site_variants_tenant_id_variant_index_key""},{""def"":""CREATE INDEX idx_tenant_site_variants_status ON public.tenant_site_variants USING btree (status)"",""index"":""idx_tenant_site_variants_status""},{""def"":""CREATE INDEX idx_tenant_site_variants_tenant_id ON public.tenant_site_variants USING btree (tenant_id)"",""index"":""idx_tenant_site_variants_tenant_id""}]","[{""cmd"":""ALL"",""roles"":[""public""],""policy"":""deny_all_tenant_site_variants""}]"
tenant_site_versions,"[{""type"":""uuid"",""column"":""id"",""default"":""gen_random_uuid()"",""nullable"":""NO""},{""type"":""uuid"",""column"":""tenant_id"",""default"":null,""nullable"":""NO""},{""type"":""text"",""column"":""change_source"",""default"":null,""nullable"":""NO""},{""type"":""text"",""column"":""summary"",""default"":null,""nullable"":""YES""},{""type"":""text"",""column"":""template_slug"",""default"":null,""nullable"":""YES""},{""type"":""jsonb"",""column"":""snapshot_json"",""default"":""'{}'::jsonb"",""nullable"":""NO""},{""type"":""timestamp with time zone"",""column"":""created_at"",""default"":""now()"",""nullable"":""NO""}]","[{""type"":""PRIMARY KEY"",""constraint"":""tenant_site_versions_pkey""},{""type"":""FOREIGN KEY"",""constraint"":""tenant_site_versions_tenant_id_fkey""},{""type"":""CHECK"",""constraint"":""2200_113777_1_not_null""},{""type"":""CHECK"",""constraint"":""2200_113777_2_not_null""},{""type"":""CHECK"",""constraint"":""2200_113777_3_not_null""},{""type"":""CHECK"",""constraint"":""2200_113777_6_not_null""},{""type"":""CHECK"",""constraint"":""2200_113777_7_not_null""}]","[{""def"":""CREATE UNIQUE INDEX tenant_site_versions_pkey ON public.tenant_site_versions USING btree (id)"",""index"":""tenant_site_versions_pkey""},{""def"":""CREATE INDEX idx_tenant_site_versions_tenant_created ON public.tenant_site_versions USING btree (tenant_id, created_at DESC)"",""index"":""idx_tenant_site_versions_tenant_created""}]","[{""cmd"":""ALL"",""roles"":[""authenticated""],""policy"":""tenant_site_versions_admin_all""}]"
tenants,"[{""type"":""uuid"",""column"":""id"",""default"":""gen_random_uuid()"",""nullable"":""NO""},{""type"":""text"",""column"":""domain"",""default"":null,""nullable"":""YES""},{""type"":""text"",""column"":""subdomain"",""default"":null,""nullable"":""YES""},{""type"":""text"",""column"":""slug"",""default"":null,""nullable"":""NO""},{""type"":""jsonb"",""column"":""brand_config"",""default"":""'{}'::jsonb"",""nullable"":""NO""},{""type"":""USER-DEFINED"",""column"":""package_tier"",""default"":""'hosting'::waas_package_tier"",""nullable"":""NO""},{""type"":""USER-DEFINED"",""column"":""status"",""default"":""'onboarding'::waas_tenant_status"",""nullable"":""NO""},{""type"":""uuid"",""column"":""crm_account_id"",""default"":null,""nullable"":""YES""},{""type"":""text"",""column"":""vercel_project_id"",""default"":null,""nullable"":""YES""},{""type"":""boolean"",""column"":""domain_verified"",""default"":""false"",""nullable"":""NO""},{""type"":""timestamp with time zone"",""column"":""domain_verified_at"",""default"":null,""nullable"":""YES""},{""type"":""text"",""column"":""target_industry"",""default"":null,""nullable"":""YES""},{""type"":""text"",""column"":""target_location"",""default"":null,""nullable"":""YES""},{""type"":""text"",""column"":""legal_name"",""default"":null,""nullable"":""YES""},{""type"":""text"",""column"":""physical_address"",""default"":null,""nullable"":""YES""},{""type"":""text"",""column"":""city"",""default"":null,""nullable"":""YES""},{""type"":""text"",""column"":""state"",""default"":null,""nullable"":""YES""},{""type"":""text"",""column"":""zip"",""default"":null,""nullable"":""YES""},{""type"":""text"",""column"":""primary_trade"",""default"":null,""nullable"":""YES""},{""type"":""uuid"",""column"":""source_audit_id"",""default"":null,""nullable"":""YES""},{""type"":""text"",""column"":""calendly_url"",""default"":null,""nullable"":""YES""},{""type"":""boolean"",""column"":""financing_enabled"",""default"":""false"",""nullable"":""NO""},{""type"":""text"",""column"":""usp"",""default"":null,""nullable"":""YES""},{""type"":""integer"",""column"":""onboarding_step"",""default"":""1"",""nullable"":""NO""},{""type"":""boolean"",""column"":""onboarding_completed"",""default"":""false"",""nullable"":""NO""},{""type"":""timestamp with time zone"",""column"":""onboarding_completed_at"",""default"":null,""nullable"":""YES""},{""type"":""text"",""column"":""submitted_by_email"",""default"":null,""nullable"":""YES""},{""type"":""timestamp with time zone"",""column"":""created_at"",""default"":""now()"",""nullable"":""NO""},{""type"":""timestamp with time zone"",""column"":""updated_at"",""default"":""now()"",""nullable"":""NO""},{""type"":""timestamp with time zone"",""column"":""deleted_at"",""default"":null,""nullable"":""YES""},{""type"":""text"",""column"":""stripe_customer_id"",""default"":null,""nullable"":""YES""},{""type"":""text"",""column"":""stripe_subscription_id"",""default"":null,""nullable"":""YES""},{""type"":""text"",""column"":""plan_interval"",""default"":null,""nullable"":""YES""}]","[{""type"":""UNIQUE"",""constraint"":""tenants_domain_key""},{""type"":""PRIMARY KEY"",""constraint"":""tenants_pkey""},{""type"":""CHECK"",""constraint"":""tenants_plan_interval_check""},{""type"":""UNIQUE"",""constraint"":""tenants_slug_key""},{""type"":""FOREIGN KEY"",""constraint"":""tenants_source_audit_id_fkey""},{""type"":""UNIQUE"",""constraint"":""tenants_subdomain_key""},{""type"":""CHECK"",""constraint"":""2200_109026_1_not_null""},{""type"":""CHECK"",""constraint"":""2200_109026_4_not_null""},{""type"":""CHECK"",""constraint"":""2200_109026_5_not_null""},{""type"":""CHECK"",""constraint"":""2200_109026_6_not_null""},{""type"":""CHECK"",""constraint"":""2200_109026_7_not_null""},{""type"":""CHECK"",""constraint"":""2200_109026_10_not_null""},{""type"":""CHECK"",""constraint"":""2200_109026_22_not_null""},{""type"":""CHECK"",""constraint"":""2200_109026_24_not_null""},{""type"":""CHECK"",""constraint"":""2200_109026_25_not_null""},{""type"":""CHECK"",""constraint"":""2200_109026_28_not_null""},{""type"":""CHECK"",""constraint"":""2200_109026_29_not_null""}]","[{""def"":""CREATE UNIQUE INDEX tenants_domain_key ON public.tenants USING btree (domain)"",""index"":""tenants_domain_key""},{""def"":""CREATE UNIQUE INDEX tenants_pkey ON public.tenants USING btree (id)"",""index"":""tenants_pkey""},{""def"":""CREATE UNIQUE INDEX tenants_slug_key ON public.tenants USING btree (slug)"",""index"":""tenants_slug_key""},{""def"":""CREATE UNIQUE INDEX tenants_subdomain_key ON public.tenants USING btree (subdomain)"",""index"":""tenants_subdomain_key""},{""def"":""CREATE INDEX idx_tenants_crm_account ON public.tenants USING btree (crm_account_id) WHERE (crm_account_id IS NOT NULL)"",""index"":""idx_tenants_crm_account""},{""def"":""CREATE INDEX idx_tenants_domain ON public.tenants USING btree (domain) WHERE ((domain IS NOT NULL) AND (deleted_at IS NULL))"",""index"":""idx_tenants_domain""},{""def"":""CREATE INDEX idx_tenants_package_tier ON public.tenants USING btree (package_tier)"",""index"":""idx_tenants_package_tier""},{""def"":""CREATE INDEX idx_tenants_slug ON public.tenants USING btree (slug) WHERE (deleted_at IS NULL)"",""index"":""idx_tenants_slug""},{""def"":""CREATE INDEX idx_tenants_source_audit_id ON public.tenants USING btree (source_audit_id)"",""index"":""idx_tenants_source_audit_id""},{""def"":""CREATE INDEX idx_tenants_status ON public.tenants USING btree (status)"",""index"":""idx_tenants_status""},{""def"":""CREATE INDEX idx_tenants_stripe_customer_id ON public.tenants USING btree (stripe_customer_id) WHERE (stripe_customer_id IS NOT NULL)"",""index"":""idx_tenants_stripe_customer_id""},{""def"":""CREATE INDEX idx_tenants_stripe_subscription_id ON public.tenants USING btree (stripe_subscription_id) WHERE (stripe_subscription_id IS NOT NULL)"",""index"":""idx_tenants_stripe_subscription_id""},{""def"":""CREATE INDEX idx_tenants_subdomain ON public.tenants USING btree (subdomain) WHERE ((subdomain IS NOT NULL) AND (deleted_at IS NULL))"",""index"":""idx_tenants_subdomain""}]","[{""cmd"":""INSERT"",""roles"":[""anon""],""policy"":""anon_can_create_tenant""},{""cmd"":""UPDATE"",""roles"":[""anon""],""policy"":""anon_can_update_own_tenant_onboarding""},{""cmd"":""SELECT"",""roles"":[""public""],""policy"":""anon_can_view_active_tenants""},{""cmd"":""ALL"",""roles"":[""authenticated""],""policy"":""tenants_admin_all""},{""cmd"":""SELECT"",""roles"":[""anon"",""authenticated""],""policy"":""tenants_public_read_active""}]"
test_items,"[{""type"":""uuid"",""column"":""id"",""default"":""gen_random_uuid()"",""nullable"":""NO""},{""type"":""uuid"",""column"":""user_id"",""default"":""'00000000-0000-0000-0000-000000000001'::uuid"",""nullable"":""NO""},{""type"":""text"",""column"":""domain"",""default"":null,""nullable"":""NO""},{""type"":""text"",""column"":""title"",""default"":null,""nullable"":""NO""},{""type"":""text"",""column"":""description"",""default"":""''::text"",""nullable"":""NO""},{""type"":""text"",""column"":""image_url"",""default"":""'https://via.placeholder.com/300x300?text=test'::text"",""nullable"":""NO""},{""type"":""ARRAY"",""column"":""image_urls"",""default"":""ARRAY[]::text[]"",""nullable"":""YES""},{""type"":""numeric"",""column"":""price_min"",""default"":""0"",""nullable"":""NO""},{""type"":""numeric"",""column"":""price_max"",""default"":""0"",""nullable"":""NO""},{""type"":""numeric"",""column"":""listing_price"",""default"":""0"",""nullable"":""NO""},{""type"":""text"",""column"":""ebay_category_id"",""default"":null,""nullable"":""YES""},{""type"":""jsonb"",""column"":""item_specifics"",""default"":""'{}'::jsonb"",""nullable"":""YES""},{""type"":""text"",""column"":""condition"",""default"":""'Good'::text"",""nullable"":""YES""},{""type"":""text"",""column"":""metal_type"",""default"":""'none'::text"",""nullable"":""YES""},{""type"":""numeric"",""column"":""metal_weight_oz"",""default"":""0"",""nullable"":""YES""},{""type"":""numeric"",""column"":""cogs"",""default"":null,""nullable"":""YES""},{""type"":""text"",""column"":""listing_format"",""default"":""'FIXED_PRICE'::text"",""nullable"":""YES""},{""type"":""text"",""column"":""publish_status"",""default"":""'draft'::text"",""nullable"":""YES""},{""type"":""timestamp with time zone"",""column"":""created_at"",""default"":""now()"",""nullable"":""NO""}]","[{""type"":""PRIMARY KEY"",""constraint"":""test_items_pkey""},{""type"":""CHECK"",""constraint"":""valid_domain""},{""type"":""CHECK"",""constraint"":""2200_100729_1_not_null""},{""type"":""CHECK"",""constraint"":""2200_100729_2_not_null""},{""type"":""CHECK"",""constraint"":""2200_100729_3_not_null""},{""type"":""CHECK"",""constraint"":""2200_100729_4_not_null""},{""type"":""CHECK"",""constraint"":""2200_100729_5_not_null""},{""type"":""CHECK"",""constraint"":""2200_100729_6_not_null""},{""type"":""CHECK"",""constraint"":""2200_100729_8_not_null""},{""type"":""CHECK"",""constraint"":""2200_100729_9_not_null""},{""type"":""CHECK"",""constraint"":""2200_100729_10_not_null""},{""type"":""CHECK"",""constraint"":""2200_100729_19_not_null""}]","[{""def"":""CREATE UNIQUE INDEX test_items_pkey ON public.test_items USING btree (id)"",""index"":""test_items_pkey""},{""def"":""CREATE INDEX idx_test_items_category ON public.test_items USING btree (ebay_category_id)"",""index"":""idx_test_items_category""},{""def"":""CREATE INDEX idx_test_items_domain ON public.test_items USING btree (domain)"",""index"":""idx_test_items_domain""}]","[{""cmd"":""INSERT"",""roles"":[""authenticated""],""policy"":""insert own test_items""},{""cmd"":""SELECT"",""roles"":[""authenticated""],""policy"":""read own test_items""}]"
training_jobs,"[{""type"":""uuid"",""column"":""id"",""default"":""gen_random_uuid()"",""nullable"":""NO""},{""type"":""uuid"",""column"":""account_id"",""default"":null,""nullable"":""NO""},{""type"":""character varying"",""column"":""model_version"",""default"":null,""nullable"":""NO""},{""type"":""character varying"",""column"":""model_type"",""default"":null,""nullable"":""NO""},{""type"":""character varying"",""column"":""status"",""default"":null,""nullable"":""NO""},{""type"":""character varying"",""column"":""trigger_type"",""default"":null,""nullable"":""YES""},{""type"":""integer"",""column"":""training_samples"",""default"":null,""nullable"":""YES""},{""type"":""integer"",""column"":""validation_samples"",""default"":null,""nullable"":""YES""},{""type"":""integer"",""column"":""test_samples"",""default"":null,""nullable"":""YES""},{""type"":""jsonb"",""column"":""performance_metrics"",""default"":null,""nullable"":""YES""},{""type"":""text"",""column"":""error_message"",""default"":null,""nullable"":""YES""},{""type"":""timestamp with time zone"",""column"":""started_at"",""default"":null,""nullable"":""YES""},{""type"":""timestamp with time zone"",""column"":""completed_at"",""default"":null,""nullable"":""YES""},{""type"":""timestamp with time zone"",""column"":""created_at"",""default"":""now()"",""nullable"":""YES""}]","[{""type"":""FOREIGN KEY"",""constraint"":""fk_training_jobs_account""},{""type"":""FOREIGN KEY"",""constraint"":""training_jobs_account_id_fkey""},{""type"":""PRIMARY KEY"",""constraint"":""training_jobs_pkey""},{""type"":""CHECK"",""constraint"":""2200_31544_1_not_null""},{""type"":""CHECK"",""constraint"":""2200_31544_2_not_null""},{""type"":""CHECK"",""constraint"":""2200_31544_3_not_null""},{""type"":""CHECK"",""constraint"":""2200_31544_4_not_null""},{""type"":""CHECK"",""constraint"":""2200_31544_5_not_null""}]","[{""def"":""CREATE UNIQUE INDEX training_jobs_pkey ON public.training_jobs USING btree (id)"",""index"":""training_jobs_pkey""},{""def"":""CREATE INDEX idx_training_jobs_account ON public.training_jobs USING btree (account_id)"",""index"":""idx_training_jobs_account""},{""def"":""CREATE INDEX idx_training_jobs_created ON public.training_jobs USING btree (created_at)"",""index"":""idx_training_jobs_created""},{""def"":""CREATE INDEX idx_training_jobs_status ON public.training_jobs USING btree (status)"",""index"":""idx_training_jobs_status""}]","[{""cmd"":""ALL"",""roles"":[""authenticated""],""policy"":""manage_account_data_non_recursive""},{""cmd"":""SELECT"",""roles"":[""authenticated""],""policy"":""view_account_data_non_recursive""}]"
usage_tracking,"[{""type"":""uuid"",""column"":""id"",""default"":""gen_random_uuid()"",""nullable"":""NO""},{""type"":""uuid"",""column"":""user_id"",""default"":null,""nullable"":""NO""},{""type"":""text"",""column"":""action_type"",""default"":null,""nullable"":""NO""},{""type"":""timestamp with time zone"",""column"":""created_at"",""default"":""now()"",""nullable"":""NO""},{""type"":""uuid"",""column"":""org_id"",""default"":null,""nullable"":""YES""}]","[{""type"":""FOREIGN KEY"",""constraint"":""usage_tracking_org_id_fkey""},{""type"":""PRIMARY KEY"",""constraint"":""usage_tracking_pkey""},{""type"":""CHECK"",""constraint"":""2200_81774_1_not_null""},{""type"":""CHECK"",""constraint"":""2200_81774_2_not_null""},{""type"":""CHECK"",""constraint"":""2200_81774_3_not_null""},{""type"":""CHECK"",""constraint"":""2200_81774_4_not_null""}]","[{""def"":""CREATE UNIQUE INDEX usage_tracking_pkey ON public.usage_tracking USING btree (id)"",""index"":""usage_tracking_pkey""},{""def"":""CREATE INDEX idx_usage_tracking_org_action_ts ON public.usage_tracking USING btree (org_id, action_type, created_at)"",""index"":""idx_usage_tracking_org_action_ts""},{""def"":""CREATE INDEX idx_usage_tracking_user_month ON public.usage_tracking USING btree (user_id, action_type, created_at)"",""index"":""idx_usage_tracking_user_month""}]","[{""cmd"":""INSERT"",""roles"":[""authenticated""],""policy"":""Users can insert own usage""},{""cmd"":""SELECT"",""roles"":[""public""],""policy"":""Users can see own usage""},{""cmd"":""SELECT"",""roles"":[""authenticated""],""policy"":""Users can view own usage""}]"
user_active_listings,"[{""type"":""uuid"",""column"":""id"",""default"":""gen_random_uuid()"",""nullable"":""NO""},{""type"":""uuid"",""column"":""user_id"",""default"":null,""nullable"":""NO""},{""type"":""text"",""column"":""ebay_listing_id"",""default"":null,""nullable"":""NO""},{""type"":""text"",""column"":""title"",""default"":null,""nullable"":""NO""},{""type"":""numeric"",""column"":""price"",""default"":null,""nullable"":""YES""},{""type"":""text"",""column"":""category_id"",""default"":null,""nullable"":""YES""},{""type"":""timestamp with time zone"",""column"":""first_seen_at"",""default"":""now()"",""nullable"":""NO""},{""type"":""timestamp with time zone"",""column"":""last_seen_at"",""default"":""now()"",""nullable"":""NO""}]","[{""type"":""UNIQUE"",""constraint"":""uq_user_active_listings_user_listing""},{""type"":""PRIMARY KEY"",""constraint"":""user_active_listings_pkey""},{""type"":""FOREIGN KEY"",""constraint"":""user_active_listings_user_id_fkey""},{""type"":""CHECK"",""constraint"":""2200_115627_1_not_null""},{""type"":""CHECK"",""constraint"":""2200_115627_2_not_null""},{""type"":""CHECK"",""constraint"":""2200_115627_3_not_null""},{""type"":""CHECK"",""constraint"":""2200_115627_4_not_null""},{""type"":""CHECK"",""constraint"":""2200_115627_7_not_null""},{""type"":""CHECK"",""constraint"":""2200_115627_8_not_null""}]","[{""def"":""CREATE UNIQUE INDEX user_active_listings_pkey ON public.user_active_listings USING btree (id)"",""index"":""user_active_listings_pkey""},{""def"":""CREATE UNIQUE INDEX uq_user_active_listings_user_listing ON public.user_active_listings USING btree (user_id, ebay_listing_id)"",""index"":""uq_user_active_listings_user_listing""},{""def"":""CREATE INDEX idx_user_active_listings_user_last_seen ON public.user_active_listings USING btree (user_id, last_seen_at)"",""index"":""idx_user_active_listings_user_last_seen""}]","[{""cmd"":""ALL"",""roles"":[""public""],""policy"":""Service role can manage active listings""},{""cmd"":""SELECT"",""roles"":[""public""],""policy"":""Users can read own active listings""}]"
users,"[{""type"":""uuid"",""column"":""id"",""default"":""gen_random_uuid()"",""nullable"":""NO""},{""type"":""uuid"",""column"":""account_id"",""default"":null,""nullable"":""NO""},{""type"":""character varying"",""column"":""email"",""default"":null,""nullable"":""NO""},{""type"":""character varying"",""column"":""name"",""default"":null,""nullable"":""NO""},{""type"":""text"",""column"":""avatar_url"",""default"":null,""nullable"":""YES""},{""type"":""character varying"",""column"":""role"",""default"":""'rep'::character varying"",""nullable"":""YES""},{""type"":""character varying"",""column"":""status"",""default"":""'active'::character varying"",""nullable"":""YES""},{""type"":""numeric"",""column"":""base_commission_rate"",""default"":null,""nullable"":""YES""},{""type"":""timestamp without time zone"",""column"":""last_login_at"",""default"":null,""nullable"":""YES""},{""type"":""timestamp without time zone"",""column"":""created_at"",""default"":""now()"",""nullable"":""YES""},{""type"":""timestamp without time zone"",""column"":""updated_at"",""default"":""now()"",""nullable"":""YES""},{""type"":""text"",""column"":""phone"",""default"":null,""nullable"":""YES""},{""type"":""text"",""column"":""title"",""default"":null,""nullable"":""YES""},{""type"":""text"",""column"":""crm_stripe_customer_id"",""default"":null,""nullable"":""YES""}]","[{""type"":""UNIQUE"",""constraint"":""users_account_id_email_key""},{""type"":""FOREIGN KEY"",""constraint"":""users_account_id_fkey""},{""type"":""PRIMARY KEY"",""constraint"":""users_pkey""},{""type"":""CHECK"",""constraint"":""2200_17505_1_not_null""},{""type"":""CHECK"",""constraint"":""2200_17505_2_not_null""},{""type"":""CHECK"",""constraint"":""2200_17505_3_not_null""},{""type"":""CHECK"",""constraint"":""2200_17505_4_not_null""}]","[{""def"":""CREATE UNIQUE INDEX users_account_id_email_key ON public.users USING btree (account_id, email)"",""index"":""users_account_id_email_key""},{""def"":""CREATE UNIQUE INDEX users_pkey ON public.users USING btree (id)"",""index"":""users_pkey""},{""def"":""CREATE INDEX idx_users_account_id ON public.users USING btree (account_id)"",""index"":""idx_users_account_id""},{""def"":""CREATE INDEX idx_users_email ON public.users USING btree (email)"",""index"":""idx_users_email""}]","[{""cmd"":""ALL"",""roles"":[""public""],""policy"":""Users manage own profile""}]"
